User,Comment,Date,Reply
https://www.tiktok.com/@rubegoldburgh,Why the fuck is the mayo in the ketchup bottle?,Jun-15,7357
https://www.tiktok.com/@bmaperkins,"For the love of God, leave the egg off the burger",Jun-15,1655
https://www.tiktok.com/@itz__haunter,,Jun-15,719
https://www.tiktok.com/@john.boy2836,It’s giving,Jul-14,164
https://www.tiktok.com/@anera5703,Worse burger ever.,Jun-15,76
https://www.tiktok.com/@ssviperfl,Who the heck puts tons of mustard on a burger?,Jun-15,66
https://www.tiktok.com/@christrademarke,That is a work of art. I’ll take one with extra pickles,Jun-15,49
https://www.tiktok.com/@cgon87,This is the type of love and care that SpongeBob puts into every Krabby Patty,Jun-16,41
https://www.tiktok.com/@nerdymark,,Jun-15,31
https://www.tiktok.com/@electrocardiacpulsesenor,“Ah burger”,Jun-22,28
https://www.tiktok.com/@mo0nnnnnn,i don’t understand how this food is considered “unhealthy” when theres like good amount of veggies on it,08-May,23
https://www.tiktok.com/@marcus_inq,Looks nice but I never understood egg in a burger...,Jun-19,17
https://www.tiktok.com/@tunnyo07,Tomato should not be on a burger,Jul-26,15
https://www.tiktok.com/@user_1997663,Where’s the ketchup? Are u kidding me?,Jun-16,15
https://www.tiktok.com/@tomiboy563,Where did the onion go?,Jun-15,13
https://www.tiktok.com/@tenguski,"Serious question, why would you cook the egg before the burger?",Jun-16,12
https://www.tiktok.com/@mutt33433,,Jun-15,12
https://www.tiktok.com/@galaxhd3,Is that… is that a Krabby Patty,Jun-15,11
https://www.tiktok.com/@ralph6329,lettuce and tomato don't belong on a burger,Jun-16,11
https://www.tiktok.com/@thegoonfather23,sorry but pickles on after cheese melt,Jun-15,11
https://www.tiktok.com/@moonforgestoneworks,Is that a burger or a mustard sandwich?,Jun-15,10
https://www.tiktok.com/@funny_funnyhow,You lost me at hot pickle slices 🤢,Jun-15,8
https://www.tiktok.com/@svensvenson22,Mayo on a burger is disgusting. Where the ketchup at?,Jun-15,7
https://www.tiktok.com/@grizzle.690,The pickle is unnecessary,Jun-15,7
https://www.tiktok.com/@grinch728,Bro is it just me… or is this whole burger upside down?,Jun-15,6
https://www.tiktok.com/@mastroman86,If you’re going to put egg on the burger you can’t break the yolk.,Jun-15,6
https://www.tiktok.com/@timmythetuner,A burger takes longer to cook then an EGG,Jun-15,4
https://www.tiktok.com/@aab65257,barely seasoned,Jun-15,4
https://www.tiktok.com/@stickerburrs12,bravo,Jun-15,4
https://www.tiktok.com/@leoaerts,everything was okay until the pickles,08-May,4
https://www.tiktok.com/@boris.murillo2,la ciencia del huevito es que se reviente la yemita 😒😒😒,Jun-17,4
https://www.tiktok.com/@todd_grillman3,Oh there's so much wrong here,Jun-15,4
https://www.tiktok.com/@3nagata,Perfect 👌,Jun-15,4
https://www.tiktok.com/@karlkanan,That's the PERFECT burger ever! 🥹,Jun-19,4
https://www.tiktok.com/@mikechambers1988,the egg in the onion is clever,Jun-15,4
https://www.tiktok.com/@iflyairplane,Trade out the onion and egg for a dallop of ketchup and it’s a perfect burger. I would accept raw white onion ring as well.,Jun-15,4
https://www.tiktok.com/@thelarryroberts,Would eat.,Jun-15,4
https://www.tiktok.com/@theamyness,American cheese?!,Jun-15,3
https://www.tiktok.com/@williamhollabaugh,"Beautiful, but way too much mustard for me.",Jun-15,3
https://www.tiktok.com/@21_9_gaming_goodness,"Besides American cheese which is by far the worse, this look incredible.",Jun-15,3
https://www.tiktok.com/@l_do_know_sterling,cheese does not belong to a cheeseburger.,08-Sep,3
https://www.tiktok.com/@wildbill115,"Cheeseburger, does not have an egg on it.",Jun-15,3
https://www.tiktok.com/@hippobigfish,Eggs don’t belong with burgers. Sorry,Jun-19,3
https://www.tiktok.com/@roostieboostie,eggs don't go on burgers but pineapple goes on pizza,Jun-17,3
https://www.tiktok.com/@jensberry_hotmail,Forget the haters! Thats looks glorious 🤤,Jun-15,3
https://www.tiktok.com/@troyhutchison84,How are burgs even “unhealthy”,Jun-15,3
https://www.tiktok.com/@stephen55432,"I bet when he took a bite, the whole thing slid out and hit the table.",Jun-15,3
https://www.tiktok.com/@danyaneiimbaku,I need more mayo 😅,Jun-15,3
https://www.tiktok.com/@texokie85,I'll take 2,Jun-15,3
https://www.tiktok.com/@user.james24,Nobody should ever put mustard on a burger.... thats for a hot dog only!,Jun-15,3
https://www.tiktok.com/@redkang26,performative burger,Jun-16,3
https://www.tiktok.com/@donforreal,there is ZERO reason to put lettuce on a burger. it is SO stupid.,Jun-15,3
https://www.tiktok.com/@yoloadilou,Too clean for a burger,Jun-18,3
https://www.tiktok.com/@alchemical_moon,why burger go down last?,07-Apr,3
https://www.tiktok.com/@wh0tfare_you,Why do people not season the patty before putting it in the grill,Jun-15,3
https://www.tiktok.com/@saundey90,"wrong order, it goes bottom bun, patty, ketchup, mustard, pickles, extra onions, lettuce, cheese, tomato, and top bun",Jun-15,3
https://www.tiktok.com/@_grandson007,Boy made a crabby Patty,Jun-15,2
https://www.tiktok.com/@tj_sentry,Burger ahh burger,Jun-14,2
https://www.tiktok.com/@rickc591,Burger should have been the first thing on the grill,Jun-15,2
https://www.tiktok.com/@mikeohwell1959,Can’t do the egg on my burger,Jun-17,2
https://www.tiktok.com/@dalens.cc,Crabby patty premium,Jul-28,2
https://www.tiktok.com/@grey.skies41,Eggs ruin everything except breakfast.,Jun-15,2
https://www.tiktok.com/@jhen.mark.uy.pang,fifth,Jun-14,2
https://www.tiktok.com/@bdh_session,hes got the crabby patty formula,Jun-18,2
https://www.tiktok.com/@shroom_vitality,I bet that Betty is so rare on the inside,Jun-15,2
https://www.tiktok.com/@leh20370,Interesting technique. Worth a try,Jun-15,2
https://www.tiktok.com/@tyrian89,"Keep the salad, more cheese. lol.",Jun-15,2
https://www.tiktok.com/@karanen20,krabby patty ah,Jun-19,2
https://www.tiktok.com/@bolabolaph,Krabby patty?,07-Jul,2
https://www.tiktok.com/@emleaguette,Le poivre pendant la cuisson directement sur la source de chaleur … bah nan,Jun-18,2
https://www.tiktok.com/@justfolko,Let’s take the cheapest excuse for cheese.,Jun-20,2
https://www.tiktok.com/@tank316_,Lettuce and tomato are completely unnecessary on a burger. But putting them below the warm patty is mind boggling.,Jun-15,2
https://www.tiktok.com/@natecrow425,"Looks delicious, but why no ketchup? And why didn’t you cut the stem out of the tomato? 🤔",Jun-16,2
https://www.tiktok.com/@goosepunch,looks good,Jun-14,2
https://www.tiktok.com/@p4p4_j0hn,Looks great but you built it upside down. I’d have to fix that,Jun-15,2
https://www.tiktok.com/@jgreat04,Lost me on the egg,Jun-15,2
https://www.tiktok.com/@jb06505,"More mayo, add ketchup, less mustard, cold condiments on top, no egg, add onion. Actually I guess you made it terribly",Jun-15,2
https://www.tiktok.com/@codyterp,My only question is why does the bun have half seeds 😂,Jul-17,2
https://www.tiktok.com/@dannywebster77,Nice....😁,Jun-15,2
https://www.tiktok.com/@laceymoran6,"No eggs on a cheeseburger, I’ll throw that in the trash",Jun-16,2
https://www.tiktok.com/@thebatteredgorilla,No ketchup! Go face the wall and take that lettuce with you!,Jun-18,2
https://www.tiktok.com/@jaxo112233,Not enough sauce,Jun-15,2
https://www.tiktok.com/@youzrnahmmee,Odd looking ketchup,Jul-27,2
https://www.tiktok.com/@alexis_notrol69,"PLEASE.
no salad, no tamato no egg.",Jun-18,2
https://www.tiktok.com/@car_giul_67,Preparare un panino come se fosse un piatto di alta cucina stellata... Questa è la felicità 😊,Jun-20,2
https://www.tiktok.com/@pedrotoanle285,Putting egg in the onion ring that’s honestly genius😳,Jun-18,2
https://www.tiktok.com/@luisangel.hernandezfelix,Real life crabby patty,Jun-15,2
https://www.tiktok.com/@ahmad.g536,remove that tomato please 🙂,Jun-19,2
https://www.tiktok.com/@karlcxiii,That egg should be no where near that burger lad,Jun-25,2
https://www.tiktok.com/@red_ice1983,That’s an egg McMuffin not cheeseburger,Jun-15,2
https://www.tiktok.com/@saikero213,That’s not ketchup.,Jun-16,2
https://www.tiktok.com/@oliver_heinz,The mayo from the red bottle threw me,Jun-15,2
https://www.tiktok.com/@negester2,The most burger burger I have ever seen,Jul-28,2
https://www.tiktok.com/@joakingkong87,The mustard and mayo switch places and it’s perfect,Jun-15,2
https://www.tiktok.com/@now_why2k25,the onion ruined it,Jun-15,2
https://www.tiktok.com/@futrev14,To much mustard not enough mayo,Jun-15,2
https://www.tiktok.com/@djb0481,Tomato ruins any burger,07-Jun,2
https://www.tiktok.com/@knowingis.5thebattle,"umm ya, I'm gonna need one of those",Jun-15,2
https://www.tiktok.com/@francescarr211,what's with the mustard,Jun-16,2
https://www.tiktok.com/@strange_video1,Where the rest of the seasoning on the burger,Jun-15,2
https://www.tiktok.com/@daingoding,Why are people always trying to add eggs to burgers,Jun-16,2
https://www.tiktok.com/@legendarythreads51,why is the lettuce and tomato on bottom,Jun-15,2
https://www.tiktok.com/@michaelgrepp,would,Jun-15,2
https://www.tiktok.com/@jasminejass33,"You put the pickles on after everything is done not while it’s still cooking. you want the pickles cold, not hot.",Jun-15,2
https://www.tiktok.com/@hungrynotbored,Yum 🔥,Jun-14,2
https://www.tiktok.com/@h0lyth0ts,(looks at the lettuce and tomato) excuse me there appears to be some healthy junk in my cheeseburger,Jun-16,1
https://www.tiktok.com/@cj420_,1 slice of cheese bruh that’s it,Jun-16,1
https://www.tiktok.com/@atraigaming,1st bite pulls entire onion off burger. F,Jun-19,1
https://www.tiktok.com/@kokrramolles,A cheeseburger? With that slice of cheese,Jun-21,1
https://www.tiktok.com/@sleeplesskraken,"Almost perfect, but I'd prefer a runny egg. 🤤😮‍💨",07-Jun,1
https://www.tiktok.com/@sodime0,Am I the only one finding the tomato with the white root in the middle absolutely disgusting?,Jun-23,1
https://www.tiktok.com/@latu0604,amazing work,Jun-28,1
https://www.tiktok.com/@deceptivecon07,"american cheese is the best cheese for a cheeseburger, because it melts without splitting.",Jun-29,1
https://www.tiktok.com/@christ_is_king95,an egg on the burger makes it 10 times better every time,Jun-17,1
https://www.tiktok.com/@guymoonetti,an egg with an onion??? throw the whole burger away,Jul-19,1
https://www.tiktok.com/@tyr36437,an eggion is diabolical,Jun-16,1
https://www.tiktok.com/@kamauzizi,better than McDonald's,Jul-26,1
https://www.tiktok.com/@ram.ram.kateal,bro it's the middle of THE NIGHT NOW IM HUNGRY,Jul-17,1
https://www.tiktok.com/@notisaysme8,Coarse sea salt makes anything fried on a flattop so much better,Jun-15,1
https://www.tiktok.com/@user6785679872561,Cooking the egg in the onion for shape is genius,Jun-20,1
https://www.tiktok.com/@gtholzyke4d,Damn that looks good,Jun-15,1
https://www.tiktok.com/@jefftk8442,"damn these comments are pressed. chill out guys it's a burger, you don't have to eat it if you don't want to",Jun-16,1
https://www.tiktok.com/@yeahthanks2you,Default burger,Jun-16,1
https://www.tiktok.com/@sleptkingg,Didn’t seasons both sides I’m out,Jun-15,1
https://www.tiktok.com/@cheaplinx,double mustard no ketchup😭,Jun-15,1
https://www.tiktok.com/@barranness,😡 Noooo. The Tomato goes on top of the Meat 😡,Jun-15,1
https://www.tiktok.com/@chrimsonhunter,🤤it looks so tasty,Jun-15,1
https://www.tiktok.com/@albertpickreljr69,egg has to have runny yolk...pickles need to be cold....and add mayo,Jun-15,1
https://www.tiktok.com/@dontbanmeplz54,Egg needs to be runnneh 🍳,Jun-16,1
https://www.tiktok.com/@teggyman1993,egg should be over easy,Jun-15,1
https://www.tiktok.com/@randomlvl,Eighth,Jun-14,1
https://www.tiktok.com/@drenry,"Everyone in these comments have such strong feelings about this, meanwhile I’d like two, please 🤤",Jun-15,1
https://www.tiktok.com/@jxelp._,favorite protein source,5 h yang lalu,1
https://www.tiktok.com/@loooolooooli,FINALLY...,07-Dec,1
https://www.tiktok.com/@b00mzhakala,First polite burger ive seen.,08-Sep,1
https://www.tiktok.com/@mursejosh6,For the love of all that is holy stop smashing burgers,Jun-15,1
https://www.tiktok.com/@samsta303_,"for the love of God , keep the egg on the burger",Jun-16,1
https://www.tiktok.com/@yochill915,good way to make a round egg,Jun-15,1
https://www.tiktok.com/@c3po120808,Had to ruin it with mayo,Jun-27,1
https://www.tiktok.com/@papaspapa,ham burger desu oneechan,Jun-16,1
https://www.tiktok.com/@kwabenafredrickod,hey that's my secret formula,Jul-14,1
https://www.tiktok.com/@panchopistolas661,Hey u gotta try the fried egg on a pastrami burger fr 🔥,Jun-15,1
https://www.tiktok.com/@jaystu24,Hot pickles?,Jun-15,1
https://www.tiktok.com/@jeruk_sari,how much?,07-Jan,1
https://www.tiktok.com/@dietherjeffrey,I love burgers,Jun-17,1
https://www.tiktok.com/@djironclaw,I’ll take 10 of those,Jun-15,1
https://www.tiktok.com/@ducatim1200,"I’ll take 2, looks amazing",Jun-16,1
https://www.tiktok.com/@leannetheunicornx,I'd eat that but no pickles or mustard. 😁😁,Jun-15,1
https://www.tiktok.com/@draube,It’s upside down,Jun-16,1
https://www.tiktok.com/@iwillbheard,It's not a corndog all I'd taste is mustard😡,Jun-15,1
https://www.tiktok.com/@cherryjones381,it's not done first if all,Jun-15,1
https://www.tiktok.com/@wihelmina.gaberti,Kraby patty,07-Nov,1
https://www.tiktok.com/@jay_villa13,LOL too perfect,Jun-15,1
https://www.tiktok.com/@uzjoleb,"looks absolutely delicious, but it's not a cheeseburger if it's not just cheese and a burger",Jun-15,1
https://www.tiktok.com/@kambui1973,Looks delicious 😋,Jun-16,1
https://www.tiktok.com/@oasisforthemara,Looks good. But it feels too perfect,Jun-14,1
https://www.tiktok.com/@alwaysin7,looks great. im not a tomato fan myself but you need to salt it individually as well,Jun-19,1
https://www.tiktok.com/@crue.l731,Looks like a Krabby patty 🥺,Jun-15,1
https://www.tiktok.com/@spaghetti_gob,Looks pretty good,Jun-15,1
https://www.tiktok.com/@sloppyquill95,lots of hate in here but this is truly a perfect burger to me. I loved everything about it.,Jun-15,1
https://www.tiktok.com/@lexir7464,love how you used the oinion,Jun-15,1
https://www.tiktok.com/@chriskip666,Love it except for the mayo.,Jun-16,1
https://www.tiktok.com/@itsme25055,Make a saturn burger next🪐,07-Nov,1
https://www.tiktok.com/@dirtymc3030,Masterpiece 🔥,Jun-15,1
https://www.tiktok.com/@ksunals,Max $2,Jun-21,1
https://www.tiktok.com/@tom.neal0,"mayo on bottom bun, fresh black pepper, burger, egg(optional), f those pickles, cheese, lettuce, tomato, mayo/mustard on top bun. in that order.
if youve ever been to cherry cricket in denver, peanut butter on bottom bun, burger with salt and pepper, fried egg(runny), gouda, top bun.
be daring and do a split krispy kreme glazed, cut side out, glazed side on burger.",Jun-17,1
https://www.tiktok.com/@gracieshgrass3_,mmmm everything but the tomato would taste good,08-Oct,1
https://www.tiktok.com/@scoob1020,my cats definitely not getting that burger,Jun-17,1
https://www.tiktok.com/@leek_coder,Need to 10x that mayo but looks great 😁,Jun-15,1
https://www.tiktok.com/@devil.on.a.diavel,never wanted something more in my life 🤤🤤🤤,Jun-25,1
https://www.tiktok.com/@hakkimi01,no chili sauce??,07-Dec,1
https://www.tiktok.com/@user2877021761444,No egg please.,Jun-15,1
https://www.tiktok.com/@n_o_m_s_,"No spices, such a small sprinkle of salt and pepper",Jun-15,1
https://www.tiktok.com/@pez77,not gonna lie but that looks lush,Jun-27,1
https://www.tiktok.com/@shinyss1,now that was made with love ❤️,Jun-16,1
https://www.tiktok.com/@mikegwazowski,okay spongebob,Jun-16,1
https://www.tiktok.com/@kevin.tabibito,"Okay, but the onion ring-egg thing it’s actually genious",Jun-18,1
https://www.tiktok.com/@bkitty1122,Onion huh,Jun-15,1
https://www.tiktok.com/@notnow572022,Ooooooo Aaaaaaa,Jun-15,1
https://www.tiktok.com/@jinger.kramsin,Pickles and mustard don’t go with eggs,Jun-15,1
https://www.tiktok.com/@ragnarl34,plastic cheese,Jun-23,1
https://www.tiktok.com/@ohitsj9,please and thanks 😁,Jun-15,1
https://www.tiktok.com/@derrickmckoy843,Please cook a few seconds longer,Jun-15,1
https://www.tiktok.com/@franklin.sloan.sm,"Real life, crabby patty",Jun-15,1
https://www.tiktok.com/@soulxdi,remove mayo and add ketchup,Jun-15,1
https://www.tiktok.com/@bowers79,ruined it with the sauces. can't even taste the burger,Jun-16,1
https://www.tiktok.com/@cannonfire2002,Skimpy on the beef if you ask me,Jun-16,1
https://www.tiktok.com/@hyeri4391,So wats the secret formula 😈,Jul-21,1
https://www.tiktok.com/@heavenhearted3,start cooking the burger first then onions and eggs then buns. That burger is undercooked,Jun-16,1
https://www.tiktok.com/@letsdebate2021,"Sub mustard, add ketchup",Jun-16,1
https://www.tiktok.com/@v77ckk,Swap the tomato with another patty & we sorted 👍,Jun-21,1
https://www.tiktok.com/@ornery_apollo,Take the pickles off and we good,Jun-16,1
https://www.tiktok.com/@bestydevvv,take the tomato out and we chilling,07-May,1
https://www.tiktok.com/@alexjalba0,Tf with these comments? Make it yourself if you dont like it…,Jun-19,1
https://www.tiktok.com/@crazyk622,Thank you for not smashing the burger flat,Jun-15,1
https://www.tiktok.com/@ninjaix0,that burger looks undercooked,Jul-15,1
https://www.tiktok.com/@alanoxley7,That egg finished cooking three business days before the burger...,Jun-20,1
https://www.tiktok.com/@georgeb7777,that egg is fked,Jun-21,1
https://www.tiktok.com/@brucetankink,that is the krusty crab burger,08-Apr,1
https://www.tiktok.com/@bloodchilde,That is the lettest lettuce to ever let us,Jun-16,1
https://www.tiktok.com/@haribogumy,that looks so burger,07-Mar,1
https://www.tiktok.com/@fancypants33,that was such a polite video. not sure why I feel that way but it was so wholesome,Jun-16,1
https://www.tiktok.com/@pornsyrup,That’s what the paper is for?! I thought it was to separate the patties,Jun-16,1
https://www.tiktok.com/@red67340,That's an upside down Wendy's burger?,Jun-15,1
https://www.tiktok.com/@zola432507,thats looks like a nice cheese burger but i prefer not to have the tomoato in 👍,Jul-26,1
https://www.tiktok.com/@bryonkavanagh,The egg yolk should be runny 86 the top bun and half of the mustard,Jun-15,1
https://www.tiktok.com/@rizn_one,The fact that you did not make this into a hideous smash burger🥰,Jun-15,1
https://www.tiktok.com/@zachary.hunter86,The mess u needed a ripe tomato,Jun-14,1
https://www.tiktok.com/@zmak916,The most important thing on a burger is missing onions,Jun-16,1
https://www.tiktok.com/@scrutmonkey,The onion egg trick….that’s brilliant!,Jun-15,1
https://www.tiktok.com/@shazzaroogirl29,These burgers are made with love not like the fast food joints 😳,Jun-18,1
https://www.tiktok.com/@bruno.ali87,third,Jun-14,1
https://www.tiktok.com/@henrydean1,this how I thought burger king made all of there burgers. 😂,Jun-18,1
https://www.tiktok.com/@michaelmccunney,This is not the way.,Jun-15,1
https://www.tiktok.com/@bradleywaffles,this person has cracked the Krabby pattie secret formula,Jun-16,1
https://www.tiktok.com/@secretpsychology,This pmo,Jun-15,1
https://www.tiktok.com/@hauntedduran,this what i expect from mcdonalds,Jun-16,1
https://www.tiktok.com/@hank14973,Today’s winner is 👏👏👏👏,Jun-15,1
https://www.tiktok.com/@jumpesdvnz2,Too much mustard.,Jun-30,1
https://www.tiktok.com/@jozsogoated,ts a krabby patty,Jul-17,1
https://www.tiktok.com/@samrawitsolomon57,was perfect then tomato show up,Jun-19,1
https://www.tiktok.com/@m_lastname,What color onions do you guys prefer?,Jun-16,1
https://www.tiktok.com/@benben1964,what you do with the rest of the onion?,Jun-20,1
https://www.tiktok.com/@bbhad_bbunnyy,"WHAT'S THE WHITE ""STUFF"" IN THE RED (KETCHUP/CATSUP) BOTTLE?🤔",Jun-16,1
https://www.tiktok.com/@pambrown2015,Where’s the bacon 🥓,Jun-30,1
https://www.tiktok.com/@twoscoups8,Why cook the egg bun and onion before burger is even on?,Jun-21,1
https://www.tiktok.com/@castlekeeper2,Why do people put sauces on bun with veggies. Sauces need be on the meat …..,Jun-15,1
https://www.tiktok.com/@darksoldier2003,why do people squish their patties?,Jun-15,1
https://www.tiktok.com/@jimmycampbell729,why heat the pickles up?,Jun-15,1
https://www.tiktok.com/@rokger69,Why is the ketchup white,Jun-17,1
https://www.tiktok.com/@anhb199,why its unhealthy?,Jul-24,1
https://www.tiktok.com/@john.t6535,Why they always use this cheap bad cheese?,Jun-18,1
https://www.tiktok.com/@chrizzztiam,why would an egg be there,Aug-19,1
https://www.tiktok.com/@40oz.to.freedom,why your cheeseburger only have one slice of cheese?,Jun-16,1
https://www.tiktok.com/@super_pooper_fart_man,"Wow, so much cheese",Jun-19,1
https://www.tiktok.com/@mauro.realtor,"Wow, this looks delicious 🤤",Jun-15,1
https://www.tiktok.com/@djbigchris_72,You lost me with the egg 😂😂😂😂😂,Jun-15,1
https://www.tiktok.com/@judah8888,your fired! my service time was way too long!,Jun-15,1
https://www.tiktok.com/@mondaris,,Jun-15,1
https://www.tiktok.com/@stefankoninghn,10-Oct,Jun-18,0
https://www.tiktok.com/@joey_gggg,$22.50 in most restaurants,Jun-16,0
https://www.tiktok.com/@allenjwilson,$25 later! 🤦‍♂️,Jun-15,0
https://www.tiktok.com/@dakotafunct,1000/10 would eat. (10/10 doesn’t quite illustrate the point),Jun-16,0
https://www.tiktok.com/@rishichilli,2 eggs,Jun-17,0
https://www.tiktok.com/@5_7jaylo,2k calories 🥀,07-Jul,0
https://www.tiktok.com/@captain.jack662,3000 calories,Jun-17,0
https://www.tiktok.com/@munetonmarco,"42 seconds of my life, wasted, watching this nasty ass burger being made",Jun-15,0
https://www.tiktok.com/@danapickering493,50 bucks please!,Jun-15,0
https://www.tiktok.com/@hous555,9 l a w i,Jun-19,0
https://www.tiktok.com/@hunter_21360,A mi me gusta la amburguesa solo con la carne y los pepinos y el queso,08-Jun,0
https://www.tiktok.com/@heisen7berg7,A work of art,Jun-18,0
https://www.tiktok.com/@tkutz7,“burger” ass burger 😭,08-Feb,0
https://www.tiktok.com/@about2go3,“Made with love” ahh burger🥀,Jun-17,0
https://www.tiktok.com/@flosfilmecke,❤️,08-Feb,0
https://www.tiktok.com/@enu2759,❤️❤️,Jul-26,0
https://www.tiktok.com/@cleinyerabreu4,❤️❤️❤️,07-Dec,0
https://www.tiktok.com/@luis_raul_24,❤️❤️❤️,Jun-15,0
https://www.tiktok.com/@martinstargate,❤️❤️❤️,Jun-19,0
https://www.tiktok.com/@darrick072,Absolute hard no with egg on a burger.,Jun-15,0
https://www.tiktok.com/@sutherlandplace,Absolutely beautiful,07-Jun,0
https://www.tiktok.com/@thomas.brown059,Absolutely delicious,08-Nov,0
https://www.tiktok.com/@plumdogmillionaire1,Add bacon,07-May,0
https://www.tiktok.com/@the.decent.1,Added seasoning: micro plastics,07-May,0
https://www.tiktok.com/@consumerjournalist,All good…. Then I saw the tomato (lack of) prep.,Jun-18,0
https://www.tiktok.com/@user9078157101621,All looks good except the tomato has the tough core in the centre,Jun-16,0
https://www.tiktok.com/@chris0000000000000000000,All of y’all are such egg haters 😭😭😭,Jun-15,0
https://www.tiktok.com/@eeeezeemeee,always on that mf egg.,Jun-15,0
https://www.tiktok.com/@user786925485138,always put lettuce n tomatoes on the mayo side n the pickles n onions on the mustard side. mayo n tomatoes make for a juicy burger. dont forget to add bacon on the mayo side.,Jun-15,0
https://www.tiktok.com/@user3969617374315,Amazing,08-Mar,0
https://www.tiktok.com/@arragoth,amazing,07-Dec,0
https://www.tiktok.com/@tulketh,Amazing,Jun-21,0
https://www.tiktok.com/@epdilo03,Amazing minus the pickles,Jun-16,0
https://www.tiktok.com/@redlightr,AMSR for making a cheeseburger awwww.,Jun-16,0
https://www.tiktok.com/@mikeorourke925,and now it's cold!,Jun-18,0
https://www.tiktok.com/@wilmienduplooy,and then you break the egg yellow 🫣,Jun-15,0
https://www.tiktok.com/@ruffininngeneralmanager,Anyone else triggered by the mustard being in a red bottle?,Jun-16,0
https://www.tiktok.com/@lukeomalley9,Anyone that fries an egg in an onion ring need putting on death row… more so if that onion ring isn’t beer battered.,Jun-18,0
https://www.tiktok.com/@309492581_,✌️👌👌,Jun-21,0
https://www.tiktok.com/@airielzaman,Apa yang ayu sangat kau buat burger ni,07-Jan,0
https://www.tiktok.com/@bocahbocil25,area aman,Jun-15,0
https://www.tiktok.com/@dbamhw,art.,Jun-30,0
https://www.tiktok.com/@kaaaaarl89,aus der Roten Flasche kommt Mayo raus 😳,Jun-18,0
https://www.tiktok.com/@son_of_cars,BBQ sauce is king,Jun-16,0
https://www.tiktok.com/@obyto111,bean soup theory going crazy in the comments,Jun-16,0
https://www.tiktok.com/@enriqueruiz9937,Beautiful,Jun-15,0
https://www.tiktok.com/@branscott3,beautiful,Jun-15,0
https://www.tiktok.com/@hingle.mccringleb5,Beeschurger,Jun-16,0
https://www.tiktok.com/@fwmjosh,beese chrurger,Jun-15,0
https://www.tiktok.com/@user614049332,beesechurger? 😳,Jun-18,0
https://www.tiktok.com/@colombdl9i6,beesechurgers,07-Jan,0
https://www.tiktok.com/@aistoriesforalltiktok,better then anything you buy at outside restaurants,Aug-18,0
https://www.tiktok.com/@._.snalemale,bit cheap with the one onion ring buddy,Jun-16,0
https://www.tiktok.com/@martiantraash,bro gatekeeping a several hundred year old invention😭,Jul-19,0
https://www.tiktok.com/@user98257840026646801184,bro made emoji burger,07-Aug,0
https://www.tiktok.com/@doomscroller389,Bro really made a cheese burger 😂😭✌️,Jul-20,0
https://www.tiktok.com/@petergrenfell,buns mustard meat cheese pickles thats all that goes on a cheeseburger,Jun-15,0
https://www.tiktok.com/@pippusaugustus,"buono, ma fa spruzzare il water",07-Aug,0
https://www.tiktok.com/@multi_edtiszz,BURGER,Jun-18,0
https://www.tiktok.com/@kenzo.music01,burger cangreburger,Jun-18,0
https://www.tiktok.com/@pbrooketurner,Burger of the GODS!,Jun-19,0
https://www.tiktok.com/@a_trey0,Burger should be at the bottom of the,Jun-15,0
https://www.tiktok.com/@afham.najwan.786,burger tepi jalan,08-Nov,0
https://www.tiktok.com/@_ciksombong,burger tepi jln lg sedap,Jun-19,0
https://www.tiktok.com/@dainyuun,burger.png,07-Dec,0
https://www.tiktok.com/@dw19024,Burst yolk no good,Jun-18,0
https://www.tiktok.com/@miker.s1,but my mouth can't fit to eat that burger,Jun-19,0
https://www.tiktok.com/@oblivionsun,C-,08-Sep,0
https://www.tiktok.com/@carlosarxe,cada detalle perfecto,07-Aug,0
https://www.tiktok.com/@luisgarcia7808,Can I get more seasoning on it? 😅 Looks good though,Jun-16,0
https://www.tiktok.com/@slinks153,Can we get a seasoned burger next,Jun-16,0
https://www.tiktok.com/@forgotgoat,Can we stop smashing the fuck out of the patties please,Jun-16,0
https://www.tiktok.com/@milkboy760,can you make that one big burger in teen titans,07-Nov,0
https://www.tiktok.com/@mozzarellasticks63,Can’t forget the Nuh dropping!,Jun-20,0
https://www.tiktok.com/@florinanamaria25,castravete cald?Dezgustator,Jun-22,0
https://www.tiktok.com/@komparse2,Cheeseburger?,Jun-21,0
https://www.tiktok.com/@christian.almonte22,Cheeseburgers don't get lettuce tomato or eggs....this is a burger,Jun-15,0
https://www.tiktok.com/@jb.comm,Classic SpongeBob type,Jul-27,0
https://www.tiktok.com/@la_danw,come al mcdonald 🤣🤣🤣🤣🤣🤣,Jul-29,0
https://www.tiktok.com/@gamese7en,Come to Texas,Jun-15,0
https://www.tiktok.com/@union.laborer,come.on man were r the fries? the cold drink? Just kid n,Jun-15,0
https://www.tiktok.com/@skidibipuch,como que quitandole el huevo quedaria de 10😃,Jun-17,0
https://www.tiktok.com/@extra_blkrz,could use more mustard,Jul-14,0
https://www.tiktok.com/@jeffreydmarble,couple of slices of bacon...perfection.,Jun-15,0
https://www.tiktok.com/@fourstrokegang,Crabby patty irl,Jun-15,0
https://www.tiktok.com/@akannisin,Crabbypaddy,07-Nov,0
https://www.tiktok.com/@stevehenslee,cut that hard white piece out of the tomato center please 🙏,Jun-16,0
https://www.tiktok.com/@zvir.11,"Сама найгірше що їв в Житті!!!
Краще стейк пожар!!!",Jul-31,0
https://www.tiktok.com/@kristii1309,"Соуса нет, суховато😏",Jul-28,0
https://www.tiktok.com/@maaykepostma0,Damn bro this looks delicious,Jun-19,0
https://www.tiktok.com/@stupopsbai,Death to brioche buns,08-Apr,0
https://www.tiktok.com/@smokeshowbourbon,Deep six the mustard. Damn.,Jun-19,0
https://www.tiktok.com/@user5465312223154,definitely yummy,07-Feb,0
https://www.tiktok.com/@chef_itb2,Dem gloves look like the fit like a lifestyle😂 iykyk😂😂,Jun-15,0
https://www.tiktok.com/@ttraumarosa,disfruta de tu huevo frito con micro organismos,Jul-25,0
https://www.tiktok.com/@nyxwantscerberus,Do we honestly need to be shown how to make a hamburger? 😂,Jun-19,0
https://www.tiktok.com/@garrewkdqj4,do you want a cookie 🍪🍩 cause you can make a cheeseburger wow you're amazing can you do a bowl of cereal next,Jun-16,0
https://www.tiktok.com/@eos2010,does anybody like relish anymore,Jun-15,0
https://www.tiktok.com/@megwehmegweh,Does it come with a defibrillator?,Jul-25,0
https://www.tiktok.com/@kensea13,doesn't need an egg,07-Jul,0
https://www.tiktok.com/@macantaya1,Don’t trust anyone who put mayo on a ketchup bottle,Jun-15,0
https://www.tiktok.com/@hiiii12345678906,Don’t wreck the bun,Jun-15,0
https://www.tiktok.com/@sir.dingle2,Don't forget the pickles...🙏,Jun-29,0
https://www.tiktok.com/@absins35,double egg on mine please 💕,Jun-16,0
https://www.tiktok.com/@webby92,Double mustard was an odd choice. But it looks great,Jun-18,0
https://www.tiktok.com/@oliviabrooks000,Drooling here 🤤🤤,Aug-22,0
https://www.tiktok.com/@itzme478,"Dry, mayo on both sides not mustard for me.",Jun-16,0
https://www.tiktok.com/@pennstatefan2007,Dude just make a burger wtf is this,Jun-15,0
https://www.tiktok.com/@vioulletss,😂😂😂,07-Dec,0
https://www.tiktok.com/@tiana_91236,😂😂😂,Jul-23,0
https://www.tiktok.com/@fragilevi0lence,😔,Jun-17,0
https://www.tiktok.com/@raakeshpurmeswar,😋,08-Jul,0
https://www.tiktok.com/@user8222309248187,😋😋😋,Jun-18,0
https://www.tiktok.com/@19_xvl,😛,08-Apr,0
https://www.tiktok.com/@vivi750113,😁😁😁,Jul-27,0
https://www.tiktok.com/@brandonkwiyakawanji,😁😁😁,Jun-15,0
https://www.tiktok.com/@hnzhunne,😁😁😁,Jun-15,0
https://www.tiktok.com/@cuntdogg7,😁😁😁,Jun-15,0
https://www.tiktok.com/@kanizfatema5170,😁😁😁,Jun-18,0
https://www.tiktok.com/@daniellunamontiel,😍😍😍,Jun-17,0
https://www.tiktok.com/@marttihirvonen131,😳😳😳,08-Mar,0
https://www.tiktok.com/@thomas.panopoulos,😳😳😳,08-Apr,0
https://www.tiktok.com/@hossquatch,😳😳😳,Jun-15,0
https://www.tiktok.com/@armando.cisneros84,😳😳😳,Jun-15,0
https://www.tiktok.com/@sledziu_16,😳😳😳,Jun-18,0
https://www.tiktok.com/@kayulakatebe,😳😳😳,Jun-18,0
https://www.tiktok.com/@kenan.yildiz510,😳😳😳,Jun-18,0
https://www.tiktok.com/@gigi55texasoklahomagal,😳😳😳,Jun-17,0
https://www.tiktok.com/@user1189007902962,😳😳😳,Jun-16,0
https://www.tiktok.com/@oko2744,👍,08-Apr,0
https://www.tiktok.com/@amuqaj,👍👍👍,Jun-21,0
https://www.tiktok.com/@elias.tsoukas,👍👍👍,Jun-20,0
https://www.tiktok.com/@nagyiasef,👍🥰🥰,Jul-31,0
https://www.tiktok.com/@angelabellakita,👌👌👌,Jul-27,0
https://www.tiktok.com/@dogspigssheep,💯,Jun-15,0
https://www.tiktok.com/@user1991387012122,💯💯💯,Jun-16,0
https://www.tiktok.com/@nicolagrassi569,💪,08-Feb,0
https://www.tiktok.com/@seranohirschi887,💪well done💪,Aug-23,0
https://www.tiktok.com/@ivica819,🤤🤤,Jun-18,0
https://www.tiktok.com/@sakkos73,🥰,07-Aug,0
https://www.tiktok.com/@user7115323435003,🥰🥰,Jun-17,0
https://www.tiktok.com/@haralambinikolov,🥰🥰🥰,Jul-26,0
https://www.tiktok.com/@sirkim,🥰🥰🥰,Jul-19,0
https://www.tiktok.com/@paijwbwnsopzudhsj,🥰🥰🥰,07-Jun,0
https://www.tiktok.com/@.mal_orie,🥰🥰🥰,07-Jul,0
https://www.tiktok.com/@timhinton74,🥰🥰🥰,07-Sep,0
https://www.tiktok.com/@ray.bassman8,🥰🥰🥰,Jun-15,0
https://www.tiktok.com/@duskcase,🥰🥰🥰,Jun-18,0
https://www.tiktok.com/@yaya73535,🥰🥰🥰,Jun-18,0
https://www.tiktok.com/@nael_adl13012,🥰🥰🥰,Jun-19,0
https://www.tiktok.com/@ckklweik52,🥰🥰🥰,Jun-19,0
https://www.tiktok.com/@ethanmclaren679,🥰🥰🥰,Jun-19,0
https://www.tiktok.com/@sebastianjurek16,🥰🥰🥰,Jun-18,0
https://www.tiktok.com/@wtuknwbtgrneggsnhm,🥰🥰🥰,Jun-16,0
https://www.tiktok.com/@fr_aaliyah,🥰🥰🥰,Jun-16,0
https://www.tiktok.com/@somedude258,🥵,07-Jun,0
https://www.tiktok.com/@thefatbuddha6,🥺🥺😝,07-May,0
https://www.tiktok.com/@quattronoob,🫡 .. 👍,Jun-26,0
https://www.tiktok.com/@comidabienargentina,🇦🇷,Jun-21,0
https://www.tiktok.com/@thorkium,🚨 Judgmental comment section alert 🚨,Jun-15,0
https://www.tiktok.com/@nollywoodseries20,🙂,Aug-13,0
https://www.tiktok.com/@goobdood,Eating a burger no honey mustard,Jun-25,0
https://www.tiktok.com/@nmbguy,Edible Art,Jun-15,0
https://www.tiktok.com/@picripromi,egg 🥚 pop 💀,Jun-19,0
https://www.tiktok.com/@fairy_darkie24,egg in burger ? are you insane ?,Jun-21,0
https://www.tiktok.com/@halilpasar8,Egg in the onion ring was a genius move,08-Jan,0
https://www.tiktok.com/@aubreyshubby,egg is amazing on a burger. unfortunately put four times as much mustard as should be on a burger and that is all you will taste now.,Jun-16,0
https://www.tiktok.com/@yuh_202,Egg on a burger 🍔 🥰,Jun-16,0
https://www.tiktok.com/@tnelson848,"egg, onion, tomato, lettuce, mustard, mayo, pickles, cheese, toasted bun. 10\10, bonus points for no ketchup.",Jun-16,0
https://www.tiktok.com/@tonny.halffinger,eggburger,Jul-26,0
https://www.tiktok.com/@killtheradd2,Egg😂😂😂😂😂😂😂,07-Jul,0
https://www.tiktok.com/@stylish_man84,egg😱,Jun-19,0
https://www.tiktok.com/@aldgnmnm,Egg😳,Jun-25,0
https://www.tiktok.com/@darthbane_36,Eggs and mayo dont belong a burgers,Jun-30,0
https://www.tiktok.com/@jfrozo,eggs do not belong on burgers 🤢,07-May,0
https://www.tiktok.com/@cinbear23,Eggs don’t belong on hamburgers.,Jun-17,0
https://www.tiktok.com/@welddaddy848,eggs don't belong on burgers,Jun-16,0
https://www.tiktok.com/@sanko6723,Eggs on burger 😭,Jun-18,0
https://www.tiktok.com/@ryderminayapaz,El hueco está demas,Jun-19,0
https://www.tiktok.com/@goodbeecontrols,elegance,Jun-17,0
https://www.tiktok.com/@ovriec,Elegant Burger,Jul-15,0
https://www.tiktok.com/@jjeniioow,enak kayanya deh,Jul-21,0
https://www.tiktok.com/@unixm9,Enaknya,Jun-19,0
https://www.tiktok.com/@me343944,End result was great but I have a few suggestions on your burger patty cooking method,Jun-16,0
https://www.tiktok.com/@user1993010562,"Es kann doch jeder auf seinen Burger machen was er/sie möchte, wieder die Tomatenpolizei hier in den Kommentaren",Jul-30,0
https://www.tiktok.com/@eddieeagle612,Everybody has their own idea of what makes a perfect burger 🍔,Jun-15,0
https://www.tiktok.com/@noodles1541,Everyone talking about leaving the egg out of the burger but I want the yolk runny,Jun-15,0
https://www.tiktok.com/@mcsnackin,Everyone talking about the lettuce and tomato where the FF is the seasoning on the meat??,Jun-16,0
https://www.tiktok.com/@baggest8,everyone’s dead now,Jun-16,0
https://www.tiktok.com/@lepetitbarth,Everything was okay until he puts the pickles,Jun-16,0
https://www.tiktok.com/@jeffycease,Exactly…Ketchup doesn’t go on a burger,Jun-15,0
https://www.tiktok.com/@josezamarripa1,Expert culinary artist here ... here for the expert opinions... I mean comments lol,Jun-16,0
https://www.tiktok.com/@christoper_c_5_h,fancy one for sure,07-Oct,0
https://www.tiktok.com/@user9433736783722,favoloso con guanti e posate❤️,Jun-19,0
https://www.tiktok.com/@atomfusion99,For love of the Devil put a dolop of chillies,Jun-17,0
https://www.tiktok.com/@piotrks._.777,"for me, it would be Perfect without egg, i have eggs in burgers",Jun-21,0
https://www.tiktok.com/@we_20_the_19_champs,forgot the ketchup!,Jun-16,0
https://www.tiktok.com/@butterball_19,fried egg on a burger here in my part of NY makes it a moose burger,Jun-16,0
https://www.tiktok.com/@tastybedsores,"Fry the burger in a lil mustard, you'll thank me later",Jun-16,0
https://www.tiktok.com/@maximemp82,Fuck my diet 🫣🤤🤤,Jun-18,0
https://www.tiktok.com/@wesleyfranks,Fuck pickles,Jun-16,0
https://www.tiktok.com/@beardedwonderous,get that nasty tomato off of it!!,Jun-15,0
https://www.tiktok.com/@chris_p_porkbelly,get that salad and tomato off there,Jul-29,0
https://www.tiktok.com/@lukeschulte26,GIMME,07-Apr,0
https://www.tiktok.com/@m3myself7,good ratio beef 👍👍,Jun-24,0
https://www.tiktok.com/@solo_dolo555,Gorgeous,07-Oct,0
https://www.tiktok.com/@silentstrker724,Great job bro,Jun-15,0
https://www.tiktok.com/@randycarver2,Great looking burger. And congrats on not wearing those stupid black gloves.,Jun-15,0
https://www.tiktok.com/@newacgssy7d,GREAT! A MUSTARD SANDWICH! 😂,Jun-15,0
https://www.tiktok.com/@umairillahi,Hardee's,Jun-21,0
https://www.tiktok.com/@jonnyray12,Hate when they smash all the flavor out the burger,Jun-16,0
https://www.tiktok.com/@hsahotvue5l,health bites showing a burger?? 🤔,Jun-21,0
https://www.tiktok.com/@vinopajot3m,Heat up those pickles!!! 🤮,Jun-18,0
https://www.tiktok.com/@xer98,Hold the lettuce please,Jun-16,0
https://www.tiktok.com/@debognz,Hold the pickles and the mustard,Jun-24,0
https://www.tiktok.com/@joeyg357,Honestly probably the best I’ve seen putting a fried egg on a burger. Idk after you bite in but it always goes everywhere,Jun-16,0
https://www.tiktok.com/@randomgamer686,hope you changed that glove after touching the raw patty before handling the burger smasher. cross contamination with everything else.,Jun-16,0
https://www.tiktok.com/@dowsah1,How can i bite?😂😂😳,07-Jun,0
https://www.tiktok.com/@luke_5519,how much mayo did you not put on that burger,07-Dec,0
https://www.tiktok.com/@skippy_dooo,how to consume?,Jun-17,0
https://www.tiktok.com/@mhink23,How to make an “American” cheeseburger via by how the rest of the world thinks it is.,Jun-15,0
https://www.tiktok.com/@tonypajamas412,How to ruin a cheeseburger in 5 easy steps:,Jun-15,0
https://www.tiktok.com/@itshamza5908,how's this is unhealthy,Jun-19,0
https://www.tiktok.com/@i_am_brainrotted_asf,i am proud of what you have gave me.,08-Jul,0
https://www.tiktok.com/@farklepoon,I can has?,07-May,0
https://www.tiktok.com/@arch.angel341,I didnt know we could make it like that,07-Sep,0
https://www.tiktok.com/@moebob_11,I don’t get egg on burgers. I thought it changed the taste too much,07-May,0
https://www.tiktok.com/@greater.german.re,"I don't like pickles, I'll remove it on every burgers",07-Sep,0
https://www.tiktok.com/@selfloveandserenity,I dont like that you made the egg first. I like my egg a bit runny,07-Jun,0
https://www.tiktok.com/@sweetcupncake,I feel like I just watched SpongeBob tuck in his krabby patty pickles in an epic showdown with king Neptune…,Jun-15,0
https://www.tiktok.com/@riiitaco,I guess the mayo is extra charge,Jun-15,0
https://www.tiktok.com/@tytnwilson,I hate how yall flip the burger and instantly put the cheese on i flip mine at least 2 times for each side,Jun-15,0
https://www.tiktok.com/@steeler407,I hate pressed meat! You are drying out the meat! Let it cook!,Jun-15,0
https://www.tiktok.com/@p0st_m0l0ney,I know the Krabby Patty recipe when I see it.😏,Jun-16,0
https://www.tiktok.com/@user6286829874999,I like the burger presser condom,Jun-15,0
https://www.tiktok.com/@the.awful.truth7,I like this Picasso!,Jun-18,0
https://www.tiktok.com/@252faiz,"I love burger very much..
swear to god",07-Jun,0
https://www.tiktok.com/@noelayalaotero,I love burgers!! Great video,Jun-15,0
https://www.tiktok.com/@beehaepy,I need more cheese🧀🍔,07-Sep,0
https://www.tiktok.com/@richie.tunewriter,I need tomato sauce.,Jun-16,0
https://www.tiktok.com/@javinavar65,I prefer my egg yolk runny,Jun-15,0
https://www.tiktok.com/@sigma.male93,"i saw it only in ads,bruh.😭",07-Dec,0
https://www.tiktok.com/@ballzsqueezer,i think im in love,08-Feb,0
https://www.tiktok.com/@rjursk,I thought the wax paper to press the patty was a weird cheese for a sec,08-Feb,0
https://www.tiktok.com/@markpreston471,I wanna burger now,Jun-18,0
https://www.tiktok.com/@algeria6813,i want 4 thanks 😁,08-Apr,0
https://www.tiktok.com/@kat.niss50,I want my burger like this,07-Jun,0
https://www.tiktok.com/@kenhong04,I was done as soon as the yolk broke. Sorry.,Jun-16,0
https://www.tiktok.com/@jefaztheace1976,I was salivating all over this clip 🤤🤤🤤,Jun-16,0
https://www.tiktok.com/@goodgreif007,I was with you until you put mustard on it.,Jun-15,0
https://www.tiktok.com/@laura.jenkins63,I was with you until you put veggies on the bottom,Jun-15,0
https://www.tiktok.com/@chrifould4,I would not have thought making burger could be so aesthetical ! happy you !,08-Aug,0
https://www.tiktok.com/@user488409796,"I would’ve had mine already made, ate it and washed the dishes by the time this burger was made lol 😂",Jun-16,0
https://www.tiktok.com/@swannayeahyeah,I’d bya for putting that egg on my burger,Jun-19,0
https://www.tiktok.com/@angry_ant0,I’d eat it.,Jun-16,0
https://www.tiktok.com/@302fox,I’d fuck with it,Jun-15,0
https://www.tiktok.com/@semsterems,I’ll take 2,Jun-15,0
https://www.tiktok.com/@shrrrrrrry28,I’m drooling,Jun-16,0
https://www.tiktok.com/@youdontknowme010101,I’m just glad when you squished the patty down that you didn’t push it down so much that when it cooks all is left is two microscopic molecules of patty left,Jun-17,0
https://www.tiktok.com/@m_3_11.2,I’m so hungry rn,Jun-16,0
https://www.tiktok.com/@samhydedidnothing,I’m so tired of smash burgers and egg on everything,Jun-16,0
https://www.tiktok.com/@bellaswanry,Idk about Ya'll ts look delicious,07-Mar,0
https://www.tiktok.com/@rog9377,"if i see a title ""making a cheeseburger"" and then I see an egg, I move on",Jun-16,0
https://www.tiktok.com/@aroenbechan,if you want to make a cheeseburger use CHEESE amd no plastic cheeselike crap,Jun-15,0
https://www.tiktok.com/@allweneed.bella,"If you would’ve tucked the pickles in with the cheese, it would’ve been a Krabby Patty. But you didn’t tuck them in, just left them out cold on top of their cheese blanket 😭",Jun-16,0
https://www.tiktok.com/@user3908112715540,Il sale sul pomodoro!!!,08-Jan,0
https://www.tiktok.com/@mattwantland,"I'll take one, no tomato please.",Jun-16,0
https://www.tiktok.com/@koreanenginerd,I'll take two please,Jun-15,0
https://www.tiktok.com/@dealdoesarebig,im making LOVE with you gng,Aug-21,0
https://www.tiktok.com/@gbsoar25,IM SO HUNGRY!!,Jun-18,0
https://www.tiktok.com/@tee_weezy007,Imma eat dat,Jun-16,0
https://www.tiktok.com/@z15elite,In Mexico the take the word Hamburger literally and add Ham to it 😳,Jun-16,0
https://www.tiktok.com/@kaaaaarl89,in the Red bottle is Mayo 😳,Jun-18,0
https://www.tiktok.com/@sweet.jonathan433,Incredible 🤩,4 h yang lalu,0
https://www.tiktok.com/@janetclaris,is that a krabby party🤗,Jul-21,0
https://www.tiktok.com/@pintins_papa,is that a royale with cheese? 🤣,Jun-15,0
https://www.tiktok.com/@naseemamohamed195,It looks delicious.,07-Sep,0
https://www.tiktok.com/@nick_raffe,It looks really delicious! 👌🏻,Jun-18,0
https://www.tiktok.com/@powerbydesign22,"it looks so delicious, im drooling 🤤",07-Aug,0
https://www.tiktok.com/@e_n07xd,It looks so tasty,Jun-18,0
https://www.tiktok.com/@ithoughtunoo,It really didn’t need the egg 😏,Jun-16,0
https://www.tiktok.com/@giansoyeu2,it so peacful,08-Mar,0
https://www.tiktok.com/@alrighty207,It will never look this good during a rush though 😭✌️,Jun-18,0
https://www.tiktok.com/@ari.mori3,It’s a krabby patty!!,Jun-17,0
https://www.tiktok.com/@marvinpalmao,It’s beautiful,Jun-16,0
https://www.tiktok.com/@mikestewart1000,"It’s way too much mustard. Everything else looks good, though. I’m always down for an egg on the burger.",Jun-16,0
https://www.tiktok.com/@billliantonio,Its upside down,Jun-17,0
https://www.tiktok.com/@musdaloose_tcg,"it's, Bread, Spread,Meat , then you put the veggies",Jun-16,0
https://www.tiktok.com/@csakebon,J’en veuxxxxxx 😊,07-Aug,0
https://www.tiktok.com/@abdouboukadda,jolie burger,08-Feb,0
https://www.tiktok.com/@markymark19666,Just bloody perfect 100%👍,Jul-25,0
https://www.tiktok.com/@danzan1212,Just to be devoured in 3bites🙏,Jun-18,0
https://www.tiktok.com/@user67570934979962,K,Jun-19,0
https://www.tiktok.com/@piya.g.3,ketchup,Jul-27,0
https://www.tiktok.com/@chandlerfirewood,Ketchup,Jun-16,0
https://www.tiktok.com/@disasterlah0,Ketchup??,Jul-18,0
https://www.tiktok.com/@peyton_franklin29,Krabby patty,Jun-29,0
https://www.tiktok.com/@ky13ph.official.7,Krabby Patty,Jun-18,0
https://www.tiktok.com/@dontaletes,Krabby patty 😁,Jun-16,0
https://www.tiktok.com/@s_srizz,Krusty krab,Jun-16,0
https://www.tiktok.com/@user55363486,"L&T should be on top, not bottom.",Jun-15,0
https://www.tiktok.com/@tuerkas5756,las hamburgueserias no se enteran que ese pan no es el adecuado...,Jul-26,0
https://www.tiktok.com/@benchtrio0424,Leave the egg and veggies off ew,Jun-15,0
https://www.tiktok.com/@victoriamariepayne,Let it cook,Jun-14,0
https://www.tiktok.com/@xl__2023,Let the arguments begin,Jun-16,0
https://www.tiktok.com/@shannonjamesobrien,Lettuce and tomato do not belong on a cheese burger,Jun-16,0
https://www.tiktok.com/@derrickgault,"Lettuce and tomatoe go on top, just saying. The burger will cook them otherwise.",07-Jan,0
https://www.tiktok.com/@chico_786,Lettuce and tomatoes a no no…pickles and onions absolutely,Jun-17,0
https://www.tiktok.com/@hold.the.ayo,Lettuce On Top,Jun-15,0
https://www.tiktok.com/@obsess71,like mcdolds,Jul-27,0
https://www.tiktok.com/@stevia6669,"Like that onion egg trick, gunna try it later",Jun-15,0
https://www.tiktok.com/@auragami42,liked within the first 3 seconds ✅️unliked when you started to smash it✅️reliked it when you stopped the smash ✅️,Jun-16,0
https://www.tiktok.com/@mufinman579,Looked good untill you started putting all that sickly sauces on it,Jun-16,0
https://www.tiktok.com/@simplelife_love,Looks amazing,Jun-16,0
https://www.tiktok.com/@zenith__media,looks amazing but why is mayo in the ketchup bottle,Jun-18,0
https://www.tiktok.com/@justatdude,Looks beautiful but only if there was no tomato,Jun-17,0
https://www.tiktok.com/@pheebs8252,looks buss,Jul-20,0
https://www.tiktok.com/@lasttycoonlegacy,Looks delicious,Jul-31,0
https://www.tiktok.com/@mintox71,Looks delicious,Jun-17,0
https://www.tiktok.com/@brandiethatfinegrl,Looks delicious but the way the mayo was in a tiny little dot pmo,Jun-16,0
https://www.tiktok.com/@wingdingking,"looks fantastic. but that lettuce is for presentation, give me a classic iceberg please.",Jun-15,0
https://www.tiktok.com/@nnmhd,looks fire tbh,Jul-17,0
https://www.tiktok.com/@thejman06,looks good,Jun-16,0
https://www.tiktok.com/@galaxyflux,looks good but why the egg,Jun-16,0
https://www.tiktok.com/@one.chicago8,LOOKS GOOD BUT WITHOUT THE EGG AND MAYO.,Jun-16,0
https://www.tiktok.com/@neezusn,Looks great but no Mayo and mystery sauces 🤢,Jun-16,0
https://www.tiktok.com/@kk31038,looks great🥰🥰🥰👍,Jun-19,0
https://www.tiktok.com/@legend_kill3r1,looks like a crabby patty with egg,Jun-23,0
https://www.tiktok.com/@ayomizz22,looks like a Krabby patty,Jun-16,0
https://www.tiktok.com/@dark.dan19,Looks like emoji 🍔,Jun-18,0
https://www.tiktok.com/@imal091,Looks only BUT I still prefer RAMLY BURGER. THE BEST,Jul-14,0
https://www.tiktok.com/@rich.of.nh,Looks pretty good,Jun-16,0
https://www.tiktok.com/@annobb231,"Looks very good, BUT tomato needs salt.",Jun-18,0
https://www.tiktok.com/@higuruma_mylov,los microplasticos,Jul-23,0
https://www.tiktok.com/@67mike,Lose the tomato,Jun-18,0
https://www.tiktok.com/@cincy5134,Lost me at the egg. 🫣😖,Jun-16,0
https://www.tiktok.com/@cowb3llf3v3r,Lost me on using tiny tongs to remove the paper from the smashed burger. Why couldn’t you just use your fingers? Same thing with the tomato.,Jun-15,0
https://www.tiktok.com/@span.the.man,lost me when the egg yolk split 😭,Jun-19,0
https://www.tiktok.com/@the.chad93,Lost me with the hot pickles,Jun-19,0
https://www.tiktok.com/@juic3fbgg,Lost me with the kosher pickles.,Jun-18,0
https://www.tiktok.com/@ballwin63021,lovely,Jun-17,0
https://www.tiktok.com/@zxinfr,Lwk,Jun-21,0
https://www.tiktok.com/@ad79xo,Makin Beese Churger,Jun-15,0
https://www.tiktok.com/@israelcatano5,making an upside down cheeseburger,07-Jul,0
https://www.tiktok.com/@paiminimpact,"man : Kitty you can have cheese burger
kitty : MUUAAARRGGHHH",Jul-15,0
https://www.tiktok.com/@halenakhaira4,mana cili sos tak sah ni,Jul-27,0
https://www.tiktok.com/@bannedisback2,Marre des smashs,08-Apr,0
https://www.tiktok.com/@adriancojocaru76,masterful,07-Jan,0
https://www.tiktok.com/@roryfitzsimmons75,"mate, you left the rock hard center of the tomato in there tsk tsk",Jun-16,0
https://www.tiktok.com/@gordo.polo,Maybe its just me but if I reach for a RED condiment bottle and if anything other than Ketchup or Hot sause comes out....Im pissed...burger looks great tho,Jun-16,0
https://www.tiktok.com/@jtriesthings,Mayo in the ketchup bottle is wild work,Jun-15,0
https://www.tiktok.com/@k7l316,Mayo is snot.,07-Aug,0
https://www.tiktok.com/@waynedmilligan,Mayo? Shame on you,Jun-15,0
https://www.tiktok.com/@ririvalora,me gusta,Aug-25,0
https://www.tiktok.com/@giuseppepatane5,Meraviglioso,Jun-24,0
https://www.tiktok.com/@kevo6789,Mf did u just use a mixing spoon to spread sauce on a bun,Jun-16,0
https://www.tiktok.com/@mauimernaid,Minus the egg.,Jun-15,0
https://www.tiktok.com/@not.easily.succumbed,Minus the mustard please. I’ll have 2.,Jun-17,0
https://www.tiktok.com/@gixxer2376,miss me wit that dollop of mayo 😳,Jun-16,0
https://www.tiktok.com/@larrysorchman,Missing the ketchup,Jun-16,0
https://www.tiktok.com/@pandu_3405,Mmm... bheese curger,07-Jun,0
https://www.tiktok.com/@xenogooner,mmmmm,Jun-15,0
https://www.tiktok.com/@playersurkea,More cheese or I won’t eat 👌,Jul-31,0
https://www.tiktok.com/@glorious.karma,More cheese please.,Jun-15,0
https://www.tiktok.com/@user71412692814374,"more mayo, delete the mustard and egg.",Jun-15,0
https://www.tiktok.com/@flyinryan699,mr. rogers wtf,07-Jun,0
https://www.tiktok.com/@danbarratt_onskye,"must be American mustard, if it were English it'd blow yer head off 😂🤣",Jun-21,0
https://www.tiktok.com/@cantstopscrolling4077,Mustard not required my good sir. Mayo on the salad side ketchup on meat side,Jun-16,0
https://www.tiktok.com/@harlemtoilestyleguy,mustard on eggs?,Jun-16,0
https://www.tiktok.com/@lorriemoreno65,Mustard on the meat side! 😂,Jun-15,0
https://www.tiktok.com/@fridapaulinaflores,MUSTARDDDDDDDDDDDDD,Jun-23,0
https://www.tiktok.com/@timbrown8170,My ass thinking that was premature provolone,Jun-15,0
https://www.tiktok.com/@jmjg285,My ideal From bottom to top: Bun - lettuce or tomatoes - cheese - beef/chicken - cheese - hash brown - sauce - lettuce - sauce,Jun-18,0
https://www.tiktok.com/@petervisserman,My mouth is not that big.😁,Jun-24,0
https://www.tiktok.com/@shelialove9,my mouth is open,Jun-15,0
https://www.tiktok.com/@akatosh96,с вас 30 долларов,Jun-17,0
https://www.tiktok.com/@seriousblack2011,"Nah, adding an egg is crazy work",Jun-17,0
https://www.tiktok.com/@muckymooncut,Nahh,Jun-16,0
https://www.tiktok.com/@rebekkaguigui,nakaka relax,07-Sep,0
https://www.tiktok.com/@bobbobbsen125,Nearly everything is better with an egg. Ramen. Burger. Pizza. All valid and good additions.,07-Jul,0
https://www.tiktok.com/@avanellope22,Neat,07-Apr,0
https://www.tiktok.com/@theoldredtoyota,"Need more pickles. Those look nice, but one bite snd entire thing slides off",Jun-16,0
https://www.tiktok.com/@soopnyc,Needs bacon but delicious,Jun-17,0
https://www.tiktok.com/@357dgg,Needs BBQ sauce,Jul-22,0
https://www.tiktok.com/@darrslink,needs more meat and less gunk,Jun-15,0
https://www.tiktok.com/@dacoopmyster,Needs more pickle,Jun-16,0
https://www.tiktok.com/@mjroth0,negative,Jun-15,0
https://www.tiktok.com/@peytonallenmusic,negative ahh comments,Jun-16,0
https://www.tiktok.com/@mynameisjbutcimwhitelol,Never got into the egg on the burger thing,Jun-16,0
https://www.tiktok.com/@spraylord220,nga that looks like a burgernator✌️😭,07-Jul,0
https://www.tiktok.com/@gic.m.c.bit,ngon thế,08-Aug,0
https://www.tiktok.com/@zaronarif159,nic,07-Jun,0
https://www.tiktok.com/@sam057596,nice burger,07-Nov,0
https://www.tiktok.com/@lipstitute,Nice job,Jun-16,0
https://www.tiktok.com/@kasterhrd,'nice job,08-Mar,0
https://www.tiktok.com/@solargodz,Nicely done,Jun-16,0
https://www.tiktok.com/@chicowoodduck1,No beet root? Shame🤗,Jun-17,0
https://www.tiktok.com/@smirkfella,no cucumber?,Jun-19,0
https://www.tiktok.com/@sirpent_dm,no egg,Jun-19,0
https://www.tiktok.com/@marc_lucas1974,No egg & don’t squash the burger while cooking,Jun-28,0
https://www.tiktok.com/@orzel1953,No egg ... egg is for breakfast... no egg on burgers pizza etc ...,Jun-16,0
https://www.tiktok.com/@genxandtired,no eggs..blech,Jun-15,0
https://www.tiktok.com/@tomwhatson,no kechup,Jun-15,0
https://www.tiktok.com/@jrmills3,No ketchup is a sin.,Jun-16,0
https://www.tiktok.com/@debbiemorris893,No mayo add ketchup,Jun-15,0
https://www.tiktok.com/@ibra18076,No mayo for me,Jun-16,0
https://www.tiktok.com/@boband52,No mayo! Yuk,Jun-16,0
https://www.tiktok.com/@johnnythegent,no nearly enough onion,Jun-15,0
https://www.tiktok.com/@damonunwin360,No one’s talking about only half of the bun has sesame seeds on it,07-Feb,0
https://www.tiktok.com/@lisbon6753,No pickle,Jun-18,0
https://www.tiktok.com/@zihanchen31,no pickle,Jun-19,0
https://www.tiktok.com/@mauritanian007,No pickle for me,Jun-24,0
https://www.tiktok.com/@riccardobirch,no pickles 🙏,Jun-15,0
https://www.tiktok.com/@chief_kevin_brady,No pickles!!!!,Jun-15,0
https://www.tiktok.com/@marco77_martins,"No salt on the tomato, amateur",Jun-19,0
https://www.tiktok.com/@tmac19630,No seasoning. I guess that’s the big trend now. Flavorless burgers. 🙄,Aug-16,0
https://www.tiktok.com/@inoahguy11,No thank you,Jun-15,0
https://www.tiktok.com/@maliqkaaaa,No tomato plz,Jun-16,0
https://www.tiktok.com/@n10u3_t4_m3r3,non,08-Jan,0
https://www.tiktok.com/@trevorrose20,Nope,Jun-15,0
https://www.tiktok.com/@ryno176,nope to the gloves,Jun-21,0
https://www.tiktok.com/@hunterapplewhite0,Normally would agree but homie did justice wit that one I don’t like an under cooked egg like runny for a burger ig not under cooked tho lol,Jun-15,0
https://www.tiktok.com/@tulip061,Not good lettuce for a sandwich and the center of the tomato not edible,Jun-16,0
https://www.tiktok.com/@guensley729,Now that is a propper burgar😅,Jun-19,0
https://www.tiktok.com/@masauslan,Now that’s a burger,Jul-25,0
https://www.tiktok.com/@tezzzx12,Now that’s a burger 👍👍👍❤️,Jul-27,0
https://www.tiktok.com/@user2918177258740,now that's a burger,Jun-17,0
https://www.tiktok.com/@witdamagz,now that's a smashburger,Jun-15,0
https://www.tiktok.com/@whystalkanobody,nty,Jun-15,0
https://www.tiktok.com/@maudlin999,Oh Hell Yeah!,Jun-15,0
https://www.tiktok.com/@____________.___.___,"Oh my God, I love your videos so much. It brings me so much inspiration and I love every time you spread the mayo on the bun and it makes me so happy like I literally can’t stand it in those pickles are so even my gosh like I love the mayo and the cheese and the egg and the mustard and the pickles and the mayo and the lettuce and the tomatoes and the buns and the sesame seeds and everything on them in the heat.",Jun-30,0
https://www.tiktok.com/@uzvicniklova,"Oh thank God it's not a ""smash birger""",Jun-16,0
https://www.tiktok.com/@peppi310881,Ohne Salat bitte😁,08-Feb,0
https://www.tiktok.com/@michaeljoe1962,Omg….. yes,07-Apr,0
https://www.tiktok.com/@jovanbear,order up,08-May,0
https://www.tiktok.com/@snowman_z01,ouh my god,Jun-17,0
https://www.tiktok.com/@chocky_z,People just NEED a reason to be pissed off now🥀🥀🫩,08-May,0
https://www.tiktok.com/@jugolenny,People wonder why restaurant burgers are so good: BUTTER,Jun-16,0
https://www.tiktok.com/@giovanninasoni,perfect,08-Feb,0
https://www.tiktok.com/@sob4281,Perfect,07-Sep,0
https://www.tiktok.com/@kimhampton69,Perfect,Jun-15,0
https://www.tiktok.com/@anas.zaib02,perfect,Jun-17,0
https://www.tiktok.com/@dirtydeep67000,Perfect !!,Jul-26,0
https://www.tiktok.com/@aifeilii,perfect burger,Jun-16,0
https://www.tiktok.com/@anonymous20306,Perfect press,Jun-16,0
https://www.tiktok.com/@forrestgumpone,Perfect!,Jun-19,0
https://www.tiktok.com/@michiganfisherman,Perfection,Jun-17,0
https://www.tiktok.com/@jengkreng87,perfecto,Jun-17,0
https://www.tiktok.com/@luxetpecunia,"Pickle looks fresh, also the mayo isn’t supposed to be in the red bottle😳",07-May,0
https://www.tiktok.com/@fargingicehole,pickles on the burger while it cooks makes the pickles soggy and I HATE when somebody gives me the butt off the tomato with that hard green piece of core in the middle of it. other than that nice toasted bun and burger.,07-Jul,0
https://www.tiktok.com/@americathe_weirdo,pickles the looking way,Jun-16,0
https://www.tiktok.com/@claudiatsuki0,ppl are allergic to compliments these day isn't it,07-May,0
https://www.tiktok.com/@bilalbdz,"Produits de luxe, même les tomates sont à 4€99 le kilo. Jte parle pas de la viande à 20€ le kilo.",07-Oct,0
https://www.tiktok.com/@oscar.rubio.ceped,qué puñetera manía de aplastar la carne ahora,Jun-18,0
https://www.tiktok.com/@tampakev,Queso on a burger?,Jun-16,0
https://www.tiktok.com/@norazmi3036,real,Jun-19,0
https://www.tiktok.com/@ahmed221023,Real life krabby patty,Jun-17,0
https://www.tiktok.com/@rugsyco,Remove egg and tomato please,Jun-19,0
https://www.tiktok.com/@bladedzombie,"remove the mustard, pickle and tomatoes and id tear this up",07-Jan,0
https://www.tiktok.com/@kneelforthegooseofficial,Remove the tomato and then it's perfect,Jun-19,0
https://www.tiktok.com/@andrew.ross583,Road to heart attack,Jun-17,0
https://www.tiktok.com/@pinheadlarry0187,Ruined it by smashing it,07-Aug,0
https://www.tiktok.com/@crashcrema,Ruined it by using American cheese,Jun-15,0
https://www.tiktok.com/@kiritun007,ruined it with onion,07-Dec,0
https://www.tiktok.com/@jasmine_212109,Ruined it with pickles 🤮,Jun-17,0
https://www.tiktok.com/@i_must_be_free,Ruined it with that imitation cheese,Jun-15,0
https://www.tiktok.com/@galarain.mewtwo,ruined it with the egg,08-Jun,0
https://www.tiktok.com/@user4143221398498,"RUINED that burger with mustard, extra MAYO and ketchup only save the mustard for hotdogs. 🤮",Jun-16,0
https://www.tiktok.com/@kh45800,Salad should never be anywhere near a burger,Jun-19,0
https://www.tiktok.com/@dvz231,salt and pepper that tomato...,Jun-15,0
https://www.tiktok.com/@florida.rudebwoii,Salt n pepper on one side,Jun-16,0
https://www.tiktok.com/@saiyanz01,same,07-Oct,0
https://www.tiktok.com/@gingerbeardman_94,sauce is fucked up,Jun-15,0
https://www.tiktok.com/@frankfauno,sause?,Jun-19,0
https://www.tiktok.com/@that_mechanic_guy86,season the tomato,Jun-15,0
https://www.tiktok.com/@mjinhis20s,season the tomato with s&p,Jun-15,0
https://www.tiktok.com/@matthewgeist1,season while building,Jun-15,0
https://www.tiktok.com/@rosaland.johenkin,Send this to Macdonald,Jun-18,0
https://www.tiktok.com/@octavio.gc_,si evaluamos la cálidad de los gramos del pan y de la cebolla podemos concluir que efectivamente soy re puto,Jul-14,0
https://www.tiktok.com/@beeble_42,Sieht lecker aus.🥰😁🍔😋,Jun-29,0
https://www.tiktok.com/@xxxxlosxxxx,Sir make that 2 slices of tomato 🤭,Jun-15,0
https://www.tiktok.com/@hereforthejokes06,skip the onion and make the egg over easy. that burger would be spot on.,Jun-15,0
https://www.tiktok.com/@tripewriter,Smashburgers are so lazy 🙄,Jun-19,0
https://www.tiktok.com/@a.d.h.me86,so cheap with that mayo girl,07-May,0
https://www.tiktok.com/@pieter_be,So many negative people commenting ...,Aug-20,0
https://www.tiktok.com/@cojebad,so overated,Jun-17,0
https://www.tiktok.com/@obreinnjebe,someone send this to mcDanold,Aug-16,0
https://www.tiktok.com/@drobb6969,Something about mustard on a cheeseburger just makes everything right.,Jun-16,0
https://www.tiktok.com/@rotaryrxnation,spanish onions are shit on a burger,Jun-17,0
https://www.tiktok.com/@rameezanwar3,Spectacular. Give me 14 of them right now.,07-May,0
https://www.tiktok.com/@thng13gt,Spongbob approved?,Jun-15,0
https://www.tiktok.com/@faizleclerc,Still cant beat Ramly burger,07-Apr,0
https://www.tiktok.com/@sweetsucrose215,still junk food for mom 💀,07-Oct,0
https://www.tiktok.com/@solomonfamily819,Still upside down,Jun-15,0
https://www.tiktok.com/@militpyysyx,Stop putting the burger on the burger,Jun-15,0
https://www.tiktok.com/@jess_d91,"Stop using gloves and wash your hands, touching raw meat then ham",Jun-18,0
https://www.tiktok.com/@askdima,Stopped watching after junk cheese,08-May,0
https://www.tiktok.com/@shannan__234,Such light seasonings?? Too bland for my Pakistani tastebuds 😂😭,07-Mar,0
https://www.tiktok.com/@mauricios_tired,Suddenly everyone’s an expert on burger,Jun-15,0
https://www.tiktok.com/@sinistaminista,Sup with the mustard? I like mustard. But twice? No Ketchup? Sooo many questions.,Jun-15,0
https://www.tiktok.com/@giorgospapadimako,super 💖💖💖,Jun-28,0
https://www.tiktok.com/@winelablife,Super!!!,Jun-24,0
https://www.tiktok.com/@tdub2124,swap the egg for bacon. add one more peice of cheese. mayo for ketchup and I'm in.,Jun-16,0
https://www.tiktok.com/@jibrilrivera4,Take that TOMATO OFFFF!! That’s fried egg onion tho!! 🤏🏾🤏🏾,Jun-15,0
https://www.tiktok.com/@himtherehim,taking half the white sauce is diabolical.,Jun-15,0
https://www.tiktok.com/@hornedog76,Terrible hygiene,Jun-18,0
https://www.tiktok.com/@co_williams,Tf was that red thing you put on the lettuce,07-Nov,0
https://www.tiktok.com/@brendand.decker,Thank you for not smashing the fuck out of that patty,Jun-15,0
https://www.tiktok.com/@justbsing49,Thank you for not using ketchup. But a little more mayo would be good,Jun-16,0
https://www.tiktok.com/@mathiasingenhaag,Thank you for wearing gloves and using tongs to handle the ingredients!,Jun-16,0
https://www.tiktok.com/@the.boring.millennial85,Thank you.,Jun-15,0
https://www.tiktok.com/@yone_inamo,that amount of mayo is the same as my will to live,1 h yang lalu,0
https://www.tiktok.com/@bigjerk894,That hard core in the middle of your tomato slice is a non-starter..,Jun-15,0
https://www.tiktok.com/@silve_rhaze,that lettuce looks delicious,Jul-25,0
https://www.tiktok.com/@rjb038,"That lettuce sucks on a hamburger, it always look like it came of the floor of the kitchen 🤮",Jun-15,0
https://www.tiktok.com/@lord_d73,that looks amazing but loose the egg,Jul-28,0
https://www.tiktok.com/@richardleerees,that looks👌,Jun-21,0
https://www.tiktok.com/@jake.rlst,that my friend is a krabby patty,Jun-17,0
https://www.tiktok.com/@jamalthegreat33,That was a magical burger !!,Jun-29,0
https://www.tiktok.com/@negsloves,That yolk is bone dry I just know it,Jun-16,0
https://www.tiktok.com/@joebun91,That’s a damn Krabby patty!,Jun-15,0
https://www.tiktok.com/@sweetnlow2,That’s one perfect piece of lettuce lol,Jun-15,0
https://www.tiktok.com/@maxbenitez0,that'll be you 60 bucks please,Jun-15,0
https://www.tiktok.com/@sharfarazooplankton,thats a Cheese Burger,4 h yang lalu,0
https://www.tiktok.com/@2damlit,"That's a krabby patty, just tell us the secret formula",Jun-15,0
https://www.tiktok.com/@victoria042620,That's an awfully small burger.,07-Jul,0
https://www.tiktok.com/@fredericbastiat3,"That's lovely. An artist. Better be at least 20% grease, or it's just a mirage. I'm hopeful. 💕",Jun-15,0
https://www.tiktok.com/@asyaftahir,Thats why rm10.00 🫡🫡🫡,Jun-19,0
https://www.tiktok.com/@jjwoodw,"The amount of precision and care for the burger, I thought they were gonna tuck it in to bed and give it a kiss like SpongeBob",Jun-15,0
https://www.tiktok.com/@dream.stream.sport,The bottom bun is gonna be soggy and gross,Jun-19,0
https://www.tiktok.com/@pickoluscage,The burger looks burnt,Jun-16,0
https://www.tiktok.com/@saenger001,The burger patty was placed a little off center.,Jun-15,0
https://www.tiktok.com/@miftah.26.03,The burgerest burger,Jul-29,0
https://www.tiktok.com/@fenrizblackthorn,the egg is fine but why is it upside down?,Jun-15,0
https://www.tiktok.com/@spikefumo7,The egg is the best part,Jun-15,0
https://www.tiktok.com/@pyralloy,The fact that you didn't make this into a beautiful smash burger 😡,Jun-15,0
https://www.tiktok.com/@punkinmonroe,The lettuce is trash. The yellow sauce is sus and the egg makes my skin crawl,Jun-15,0
https://www.tiktok.com/@ferra_0_0,the perfection,18 j yang lalu,0
https://www.tiktok.com/@premiumfloorcrafters,"The tomato and the lettuce always go on top of the burger, never under. this is sacrilegious.",Jun-15,0
https://www.tiktok.com/@zdronllxiy2,The two pickle patty limit is bsllocks.,Jun-16,0
https://www.tiktok.com/@adv.rana.mehbub.a,the who never eat it,08-Sep,0
https://www.tiktok.com/@thatguyoli62,the yellow broke 🥲,Jun-17,0
https://www.tiktok.com/@ewooljaztinnn,"them hating eggs on the burger, but sucks dih",07-Dec,0
https://www.tiktok.com/@bryaano,They do things different here ahh egg,Jun-16,0
https://www.tiktok.com/@paolog566,thia Is not MC Donald s,08-Mar,0
https://www.tiktok.com/@hennie85,This burger has depression,Jun-17,0
https://www.tiktok.com/@wezamon,this is good asl,08-Sep,0
https://www.tiktok.com/@no.thanks.midwest,This is the way,Jun-15,0
https://www.tiktok.com/@masshysteria95,This just pmo,Jul-21,0
https://www.tiktok.com/@michaelk1917,this sentimental sensory-focused style is weird and creepy. it's a cheeseburger.,Jun-16,0
https://www.tiktok.com/@user982942099019,This shit,07-May,0
https://www.tiktok.com/@sundance815,those buns already killed it. Nongood burger between sponges...,Jun-19,0
https://www.tiktok.com/@pyro3692,those dont look like hamburger dills,Jun-16,0
https://www.tiktok.com/@_tastix,Those sweet milk buns they use for burgers are not delicious,Jun-18,0
https://www.tiktok.com/@lololololopppppgfdyhbi,those veggies are warm 😭,Jun-16,0
https://www.tiktok.com/@jayfan_08,thts yummy,Aug-14,0
https://www.tiktok.com/@hooptee65,too much fucken mustard,Jun-15,0
https://www.tiktok.com/@bennett.vergara,Too much lettuce,Jun-16,0
https://www.tiktok.com/@slurpuffdiva,Too much mustard,Jun-15,0
https://www.tiktok.com/@madv369,Too much mustard bru!,Jun-15,0
https://www.tiktok.com/@diegobrandosleftnuh,Too much Mustard dawg,07-Dec,0
https://www.tiktok.com/@danny.baihuber,too much mustard mate.,Jun-18,0
https://www.tiktok.com/@jae.ellen,Too much mustard!😳,Jun-15,0
https://www.tiktok.com/@brainnumbers,too much stuff on this,07-May,0
https://www.tiktok.com/@paschaltrojan,Top,Jun-30,0
https://www.tiktok.com/@charlesross368,"Toppings as they are called go on Top, but still a good looking burger.",Jun-16,0
https://www.tiktok.com/@brenndantheberg,Totally happy with everything but the second dollop of mustard like is that special sauce or mustard,Jun-15,0
https://www.tiktok.com/@franzcler,Troppi sapori,Jun-28,0
https://www.tiktok.com/@pepgame,True love ♥️,08-Feb,0
https://www.tiktok.com/@nathanieljstarkey,Trying to wrap my head around not leaving the yoke runny.,Jun-17,0
https://www.tiktok.com/@johnpaulebube6,u sauced one side of the beef only,07-Dec,0
https://www.tiktok.com/@quiteatypical,upside down btw,Jun-16,0
https://www.tiktok.com/@toxicteemo401,Upside down burger,07-Jul,0
https://www.tiktok.com/@tote_buxe,very hygienic,07-Sep,0
https://www.tiktok.com/@ervishhhhhh,Very well seasoned,Jun-15,0
https://www.tiktok.com/@johnnathaneavens,"Want to study bricks the egg by one hands without smash the eggyolk, pm me",Jun-19,0
https://www.tiktok.com/@poptrainrecords,Warm pickle,Jun-23,0
https://www.tiktok.com/@bimbomchucha,was that pickled bitter gourd?,07-Sep,0
https://www.tiktok.com/@trevor.mello,way to much mustard,Jun-16,0
https://www.tiktok.com/@jmtechz,Well done pls 🥺,Jun-19,0
https://www.tiktok.com/@crybabyrosie,well done... y'all stuff look raw,Jun-15,0
https://www.tiktok.com/@cory12345677,"well I like it, be gone in about a minute!",Jun-17,0
https://www.tiktok.com/@jayjaysze,wer my onions noways mosays😏...,Jun-16,0
https://www.tiktok.com/@brydo43,What a delightful presentation 🍔 😁👍,Jun-18,0
https://www.tiktok.com/@sup2_1,"what an waste of an egg, might as well eat rubber.",Jul-27,0
https://www.tiktok.com/@user_1997663,What country is this from.,Jun-16,0
https://www.tiktok.com/@jimmyb241,What did you do with that grilled onion! Yum!!!!,Jun-16,0
https://www.tiktok.com/@talhaanwar826,What is the size of onion,07-Apr,0
https://www.tiktok.com/@valhallafish,What is this communist bullshit where the lettuce and tomato go UNDER the meat?,Jun-15,0
https://www.tiktok.com/@mikelson630,Whats that yellow thing,07-Jul,0
https://www.tiktok.com/@auguststrindberg007,When did this shit with gloves become a must?,08-May,0
https://www.tiktok.com/@martin.forman2,where i can buy it ?😁😁,Jun-19,0
https://www.tiktok.com/@bradleyh345,Where is the peanut butter?,Jun-16,0
https://www.tiktok.com/@razorbackramjet,Where that dang onion go?,Jun-16,0
https://www.tiktok.com/@davidcarman80,Where the heck is the ketchup,Jun-15,0
https://www.tiktok.com/@jmay071,where you selling them... damn give me 4 please!!😁,Jun-16,0
https://www.tiktok.com/@nana202000000000000,Where’s the ketchup lol 😂,Jun-15,0
https://www.tiktok.com/@davidcharnock196,wheres the caramelisation on the meat,Jun-24,0
https://www.tiktok.com/@ralphie4918,where's the ketchup my guy 😂,Jun-15,0
https://www.tiktok.com/@ajayfrm1200,where's the salt?,Jun-15,0
https://www.tiktok.com/@jessey.jolink,who put egg on burger?,Jun-18,0
https://www.tiktok.com/@whatisthatvelvet,who wants a hot pickle😳,Jun-15,0
https://www.tiktok.com/@marsmarsiso,whole house mad,Jul-17,0
https://www.tiktok.com/@user6200816313304,Why cook the egg before beef???,Jun-19,0
https://www.tiktok.com/@matan_dery,Why did you heat up the pickles? you're losing crunch that way.,Jun-17,0
https://www.tiktok.com/@megamus82,why do white people refuse to use seasoning?,Jun-15,0
https://www.tiktok.com/@exitbalkanmatrix,Why does this reminds me of American Psycho ahahaah,08-Aug,0
https://www.tiktok.com/@oliverfasching,Why don’t you salt the tomato? Makes a huge difference,Jun-15,0
https://www.tiktok.com/@wabbitfire,why in gods name would you put lettuce below the burger?,Jun-15,0
https://www.tiktok.com/@realblakeburdette,Why is there an egg in an onion,Jun-16,0
https://www.tiktok.com/@thetattooedexec,Why is there so much mustard on that?,Jun-16,0
https://www.tiktok.com/@tracey_uk,Why no ketchup?,Jun-19,0
https://www.tiktok.com/@faulken278,Why the bun got like 1/3 sesame seed?,Jun-21,0
https://www.tiktok.com/@dm15372,Why the egg ? 😳,Jun-15,0
https://www.tiktok.com/@user_bittercomments,why to heat pickles?,Jun-18,0
https://www.tiktok.com/@robotthecarrot,Why we making the bun first,08-Aug,0
https://www.tiktok.com/@ilike.chickenithink,why yall putting cheese on my cheeseburger,07-Sep,0
https://www.tiktok.com/@cattleya_22,why you put cheese on my cheeseburger?,Jun-15,0
https://www.tiktok.com/@brianacosta1454,would you like a burger with your mustard,Jun-16,0
https://www.tiktok.com/@giuseppejoedauria,wow,Jul-26,0
https://www.tiktok.com/@fishing_olshop,wow yummy😋,08-Sep,0
https://www.tiktok.com/@boni_propertybroker,wow! looks delicious,07-Jul,0
https://www.tiktok.com/@jayescobar629,Woza ngapha,Jun-19,0
https://www.tiktok.com/@mr094639,wrong order to make them in but yes that's a cheese burger do you want a cookie,Jun-16,0
https://www.tiktok.com/@mrhatenfate,Wrong. Pickles are a cold item. Cold items go on top of hot items. Egg is unnecessary.,Jun-15,0
https://www.tiktok.com/@harleypandan,WTF is that,Jun-15,0
https://www.tiktok.com/@joshcox19,Yall are crazy I’d enjoy the hell out of that burger,Jun-16,0
https://www.tiktok.com/@gaming_with_dev_,Yeah no tomatoes,Jun-15,0
https://www.tiktok.com/@usery5clyhp3t8,"yes, I need one, two of those",Jun-15,0
https://www.tiktok.com/@daq1960,"Yes, please may I have two?",Jun-15,0
https://www.tiktok.com/@steady12340,yessssssss 😋,07-Jul,0
https://www.tiktok.com/@daniel.baron12,Yessssssss. Please.,Jun-16,0
https://www.tiktok.com/@bankmeister,"Yet another TikTok video with an unseasoned egg. Where does it end, people?!",Jun-15,0
https://www.tiktok.com/@the_k_killa,You better bring back the mayo bottle and squeeze about four more seconds on that,Jun-15,0
https://www.tiktok.com/@scottbrust,"You cracked an egg there, buddy. You’re not making a cheeseburger.",Jun-15,0
https://www.tiktok.com/@adishelbykim,you forgot something,07-Feb,0
https://www.tiktok.com/@_c0okii3,You just made a crabby patty,Jun-16,0
https://www.tiktok.com/@kr8zer,you know its going to be expensive when the chef has pickle tweezers and a baby spoons for mustard,Jun-15,0
https://www.tiktok.com/@spike5213,You lost me at the toxic-chemical American cheese,07-May,0
https://www.tiktok.com/@ace382230,You ruined it with the mustard and pickles,Jun-15,0
https://www.tiktok.com/@peterjprovenzano,You’re a wizard harry!,08-Mar,0
https://www.tiktok.com/@fromaginator,Your ingredients are so well behaved and cooperative,07-Jul,0
https://www.tiktok.com/@tg_3737,You're supposed to use butter,Jun-15,0
https://www.tiktok.com/@blankman.1982,YUCK TOO MUCH MUSTARD BRO THAT IS NOT A FREAKING HOT DOG,Jun-15,0
https://www.tiktok.com/@matthewschmidt59,Yum,Jun-15,0
https://www.tiktok.com/@shannonwhittingtonsheher,Yum,Jun-15,0
https://www.tiktok.com/@eddy211212,Yumm!,Jun-19,0
https://www.tiktok.com/@_scarlet281,Yummmmmm I feel like they learned how to make burgers from Sponge bob😮‍💨😮‍💨😮‍💨😮‍💨😮‍💨,Jun-15,0
https://www.tiktok.com/@maneshmohanlall,yummy,Jun-16,0
https://www.tiktok.com/@djtik89,Yup,Jun-15,0
https://www.tiktok.com/@lettucelang,,08-Aug,0
https://www.tiktok.com/@aleksan_dark,,07-Aug,0
https://www.tiktok.com/@albakinginthehouse,,Jun-24,0
https://www.tiktok.com/@bombardier_aviation2.0,,Jul-25,0
https://www.tiktok.com/@ralph02278,,Jul-14,0
https://www.tiktok.com/@polismen001,,08-Mar,0
https://www.tiktok.com/@georocks65,,08-Apr,0
https://www.tiktok.com/@moonnieeey,,Jul-26,0
https://www.tiktok.com/@isaarho,,08-Jan,0
https://www.tiktok.com/@thomasmiguelmarti,,07-Aug,0
https://www.tiktok.com/@chlorophylle1983,,Jun-15,0
https://www.tiktok.com/@onelove21215,,Jun-15,0
https://www.tiktok.com/@_pisces.51,,Jun-15,0
https://www.tiktok.com/@swampdog1963,,Jun-16,0
https://www.tiktok.com/@fracturedbird,,Jun-16,0
https://www.tiktok.com/@timtimtim225,,Jun-15,0
https://www.tiktok.com/@simson7922,,Jun-18,0
https://www.tiktok.com/@ridwanalam3,,Jun-19,0
https://www.tiktok.com/@gardening_is_life,,Jun-16,0
https://www.tiktok.com/@bryanschneller,,Jun-16,0
https://www.tiktok.com/@kirbycoolsquad,,Jun-17,0
