comment,topic_id,topic_label,confidence
Why the fuck is the mayo in the ketchup bottle?,10,10_ketchup_mayo ketchup_bottle_wheres,1.0
"For the love of God, leave the egg off the burger",0,0_egg burger_egg_eggs_burger,0.641
Who the heck puts tons of mustard on a burger?,5,5_mustard_mustard burger_sandwich_hot,1.0
That is a work of art. I’ll take one with extra pickles,8,8_pickles_cold_hot_heat,0.649
This is the type of love and care that SpongeBob puts into every Krabby Patty,7,7_krabby_krabby patty_patty_looks like,1.0
i don’t understand how this food is considered “unhealthy” when theres like good amount of veggies on it,3,3_lettuce_lettuce tomato_veggies_tomato,0.075
Looks nice but I never understood egg in a burger...,0,0_egg burger_egg_eggs_burger,0.546
Tomato should not be on a burger,3,3_lettuce_lettuce tomato_veggies_tomato,0.086
Where’s the ketchup? Are u kidding me?,10,10_ketchup_mayo ketchup_bottle_wheres,1.0
Where did the onion go?,9,9_onion_egg onion_onion ring_ring,1.0
"Serious question, why would you cook the egg before the burger?",0,0_egg burger_egg_eggs_burger,0.208
Is that… is that a Krabby Patty,7,7_krabby_krabby patty_patty_looks like,1.0
lettuce and tomato don't belong on a burger,3,3_lettuce_lettuce tomato_veggies_tomato,1.0
sorry but pickles on after cheese melt,8,8_pickles_cold_hot_heat,0.665
Is that a burger or a mustard sandwich?,5,5_mustard_mustard burger_sandwich_hot,1.0
You lost me at hot pickle slices 🤢,8,8_pickles_cold_hot_heat,1.0
Mayo on a burger is disgusting. Where the ketchup at?,10,10_ketchup_mayo ketchup_bottle_wheres,1.0
Bro is it just me… or is this whole burger upside down?,-1,outlier,0.032
If you’re going to put egg on the burger you can’t break the yolk.,0,0_egg burger_egg_eggs_burger,0.275
A burger takes longer to cook then an EGG,0,0_egg burger_egg_eggs_burger,0.225
everything was okay until the pickles,8,8_pickles_cold_hot_heat,1.0
la ciencia del huevito es que se reviente la yemita 😒😒😒,11,11_20_come_10_mayo,1.0
Oh there's so much wrong here,22,22_people_theres_reason_tf,0.188
That's the PERFECT burger ever! 🥹,6,6_burger_perfect burger_burger dont_thats,0.432
the egg in the onion is clever,9,9_onion_egg onion_onion ring_ring,1.0
Trade out the onion and egg for a dallop of ketchup and it’s a perfect burger. I would accept raw white onion ring as well.,0,0_egg burger_egg_eggs_burger,0.074
"Beautiful, but way too much mustard for me.",5,5_mustard_mustard burger_sandwich_hot,0.414
"Besides American cheese which is by far the worse, this look incredible.",4,4_cheese_cheeseburger_american_slice,0.471
cheese does not belong to a cheeseburger.,4,4_cheese_cheeseburger_american_slice,0.6
"Cheeseburger, does not have an egg on it.",21,21_cheeseburger_making cheeseburger_youre_making,1.0
Eggs don’t belong with burgers. Sorry,0,0_egg burger_egg_eggs_burger,1.0
eggs don't go on burgers but pineapple goes on pizza,0,0_egg burger_egg_eggs_burger,1.0
Forget the haters! Thats looks glorious 🤤,15,15_delicious_looks delicious_looks_look,0.334
How are burgs even “unhealthy”,3,3_lettuce_lettuce tomato_veggies_tomato,0.033
"I bet when he took a bite, the whole thing slid out and hit the table.",0,0_egg burger_egg_eggs_burger,0.036
I need more mayo 😅,12,12_mayo_mayo looks_bottle_red bottle,0.469
Nobody should ever put mustard on a burger.... thats for a hot dog only!,5,5_mustard_mustard burger_sandwich_hot,0.697
there is ZERO reason to put lettuce on a burger. it is SO stupid.,3,3_lettuce_lettuce tomato_veggies_tomato,1.0
Too clean for a burger,20,20_burger burger_burger_burger thing_burger patty,0.525
why burger go down last?,20,20_burger burger_burger_burger thing_burger patty,1.0
Why do people not season the patty before putting it in the grill,18,18_seasoning_people_grill_burger didnt,1.0
"wrong order, it goes bottom bun, patty, ketchup, mustard, pickles, extra onions, lettuce, cheese, tomato, and top bun",23,23_bun_lettuce_tomatoes_order,1.0
Boy made a crabby Patty,7,7_krabby_krabby patty_patty_looks like,1.0
Burger should have been the first thing on the grill,20,20_burger burger_burger_burger thing_burger patty,1.0
Can’t do the egg on my burger,0,0_egg burger_egg_eggs_burger,1.0
Eggs ruin everything except breakfast.,1,1_egg_yolk_runny_lost,0.155
hes got the crabby patty formula,7,7_krabby_krabby patty_patty_looks like,0.71
I bet that Betty is so rare on the inside,7,7_krabby_krabby patty_patty_looks like,0.48
Interesting technique. Worth a try,9,9_onion_egg onion_onion ring_ring,0.13
"Keep the salad, more cheese. lol.",4,4_cheese_cheeseburger_american_slice,0.119
Le poivre pendant la cuisson directement sur la source de chaleur … bah nan,11,11_20_come_10_mayo,0.314
Let’s take the cheapest excuse for cheese.,4,4_cheese_cheeseburger_american_slice,0.519
Lettuce and tomato are completely unnecessary on a burger. But putting them below the warm patty is mind boggling.,3,3_lettuce_lettuce tomato_veggies_tomato,1.0
"Looks delicious, but why no ketchup? And why didn’t you cut the stem out of the tomato? 🤔",10,10_ketchup_mayo ketchup_bottle_wheres,0.718
Looks great but you built it upside down. I’d have to fix that,-1,outlier,0.028
Lost me on the egg,1,1_egg_yolk_runny_lost,1.0
"More mayo, add ketchup, less mustard, cold condiments on top, no egg, add onion. Actually I guess you made it terribly",-1,outlier,0.068
My only question is why does the bun have half seeds 😂,19,19_bun_sesame_seeds_half,1.0
"No eggs on a cheeseburger, I’ll throw that in the trash",21,21_cheeseburger_making cheeseburger_youre_making,1.0
No ketchup! Go face the wall and take that lettuce with you!,10,10_ketchup_mayo ketchup_bottle_wheres,0.689
"PLEASE.
no salad, no tamato no egg.",0,0_egg burger_egg_eggs_burger,0.083
Preparare un panino come se fosse un piatto di alta cucina stellata... Questa è la felicità 😊,11,11_20_come_10_mayo,0.523
Putting egg in the onion ring that’s honestly genius😳,9,9_onion_egg onion_onion ring_ring,0.735
remove that tomato please 🙂,2,2_tomato_salt_salt pepper_pepper,0.501
That egg should be no where near that burger lad,0,0_egg burger_egg_eggs_burger,1.0
That’s an egg McMuffin not cheeseburger,21,21_cheeseburger_making cheeseburger_youre_making,1.0
The mayo from the red bottle threw me,12,12_mayo_mayo looks_bottle_red bottle,0.736
The most burger burger I have ever seen,6,6_burger_perfect burger_burger dont_thats,0.314
The mustard and mayo switch places and it’s perfect,-1,outlier,0.086
To much mustard not enough mayo,-1,outlier,0.108
"umm ya, I'm gonna need one of those",13,13_yes_ill_need_hot pickle,0.454
Where the rest of the seasoning on the burger,18,18_seasoning_people_grill_burger didnt,0.503
Why are people always trying to add eggs to burgers,0,0_egg burger_egg_eggs_burger,0.26
why is the lettuce and tomato on bottom,3,3_lettuce_lettuce tomato_veggies_tomato,1.0
"You put the pickles on after everything is done not while it’s still cooking. you want the pickles cold, not hot.",8,8_pickles_cold_hot_heat,0.433
(looks at the lettuce and tomato) excuse me there appears to be some healthy junk in my cheeseburger,3,3_lettuce_lettuce tomato_veggies_tomato,0.149
1 slice of cheese bruh that’s it,4,4_cheese_cheeseburger_american_slice,0.348
1st bite pulls entire onion off burger. F,0,0_egg burger_egg_eggs_burger,0.048
A cheeseburger? With that slice of cheese,4,4_cheese_cheeseburger_american_slice,0.328
"Almost perfect, but I'd prefer a runny egg. 🤤😮‍💨",1,1_egg_yolk_runny_lost,0.299
Am I the only one finding the tomato with the white root in the middle absolutely disgusting?,2,2_tomato_salt_salt pepper_pepper,0.59
"american cheese is the best cheese for a cheeseburger, because it melts without splitting.",4,4_cheese_cheeseburger_american_slice,1.0
an egg on the burger makes it 10 times better every time,0,0_egg burger_egg_eggs_burger,0.415
an egg with an onion??? throw the whole burger away,0,0_egg burger_egg_eggs_burger,0.082
bro it's the middle of THE NIGHT NOW IM HUNGRY,-1,outlier,0.033
Coarse sea salt makes anything fried on a flattop so much better,2,2_tomato_salt_salt pepper_pepper,1.0
Cooking the egg in the onion for shape is genius,9,9_onion_egg onion_onion ring_ring,0.91
"damn these comments are pressed. chill out guys it's a burger, you don't have to eat it if you don't want to",6,6_burger_perfect burger_burger dont_thats,0.166
Didn’t seasons both sides I’m out,18,18_seasoning_people_grill_burger didnt,1.0
😡 Noooo. The Tomato goes on top of the Meat 😡,2,2_tomato_salt_salt pepper_pepper,0.495
egg has to have runny yolk...pickles need to be cold....and add mayo,-1,outlier,0.208
Egg needs to be runnneh 🍳,1,1_egg_yolk_runny_lost,0.599
egg should be over easy,1,1_egg_yolk_runny_lost,0.302
"Everyone in these comments have such strong feelings about this, meanwhile I’d like two, please 🤤",13,13_yes_ill_need_hot pickle,0.267
First polite burger ive seen.,-1,outlier,0.18
For the love of all that is holy stop smashing burgers,-1,outlier,0.091
"for the love of God , keep the egg on the burger",0,0_egg burger_egg_eggs_burger,0.467
good way to make a round egg,1,1_egg_yolk_runny_lost,0.164
Had to ruin it with mayo,12,12_mayo_mayo looks_bottle_red bottle,0.311
hey that's my secret formula,-1,outlier,0.037
Hey u gotta try the fried egg on a pastrami burger fr 🔥,0,0_egg burger_egg_eggs_burger,0.378
I’ll take 10 of those,13,13_yes_ill_need_hot pickle,0.702
"I’ll take 2, looks amazing",13,13_yes_ill_need_hot pickle,1.0
I'd eat that but no pickles or mustard. 😁😁,17,17_pickles_pickle_mustard_mustard pickles,1.0
It's not a corndog all I'd taste is mustard😡,5,5_mustard_mustard burger_sandwich_hot,1.0
it's not done first if all,19,19_bun_sesame_seeds_half,0.146
"looks absolutely delicious, but it's not a cheeseburger if it's not just cheese and a burger",4,4_cheese_cheeseburger_american_slice,1.0
Looks good. But it feels too perfect,15,15_delicious_looks delicious_looks_look,0.277
looks great. im not a tomato fan myself but you need to salt it individually as well,2,2_tomato_salt_salt pepper_pepper,1.0
Looks like a Krabby patty 🥺,7,7_krabby_krabby patty_patty_looks like,0.69
lots of hate in here but this is truly a perfect burger to me. I loved everything about it.,6,6_burger_perfect burger_burger dont_thats,0.308
love how you used the oinion,1,1_egg_yolk_runny_lost,0.277
Love it except for the mayo.,12,12_mayo_mayo looks_bottle_red bottle,1.0
Make a saturn burger next🪐,-1,outlier,0.109
"mayo on bottom bun, fresh black pepper, burger, egg(optional), f those pickles, cheese, lettuce, tomato, mayo/mustard on top bun. in that order.
if youve ever been to cherry cricket in denver, peanut butter on bottom bun, burger with salt and pepper, fried egg(runny), gouda, top bun.
be daring and do a split krispy kreme glazed, cut side out, glazed side on burger.",23,23_bun_lettuce_tomatoes_order,1.0
mmmm everything but the tomato would taste good,2,2_tomato_salt_salt pepper_pepper,0.805
my cats definitely not getting that burger,20,20_burger burger_burger_burger thing_burger patty,1.0
Need to 10x that mayo but looks great 😁,12,12_mayo_mayo looks_bottle_red bottle,0.346
never wanted something more in my life 🤤🤤🤤,13,13_yes_ill_need_hot pickle,0.045
"No spices, such a small sprinkle of salt and pepper",2,2_tomato_salt_salt pepper_pepper,0.527
not gonna lie but that looks lush,15,15_delicious_looks delicious_looks_look,1.0
now that was made with love ❤️,16,16_smash_love_im_fact,0.319
"Okay, but the onion ring-egg thing it’s actually genious",9,9_onion_egg onion_onion ring_ring,1.0
Pickles and mustard don’t go with eggs,17,17_pickles_pickle_mustard_mustard pickles,0.392
Please cook a few seconds longer,-1,outlier,0.041
remove mayo and add ketchup,10,10_ketchup_mayo ketchup_bottle_wheres,0.344
ruined it with the sauces. can't even taste the burger,-1,outlier,0.026
Skimpy on the beef if you ask me,-1,outlier,0.026
So wats the secret formula 😈,-1,outlier,0.021
start cooking the burger first then onions and eggs then buns. That burger is undercooked,0,0_egg burger_egg_eggs_burger,0.087
Swap the tomato with another patty & we sorted 👍,2,2_tomato_salt_salt pepper_pepper,0.427
Take the pickles off and we good,8,8_pickles_cold_hot_heat,0.576
take the tomato out and we chilling,2,2_tomato_salt_salt pepper_pepper,0.332
Tf with these comments? Make it yourself if you dont like it…,22,22_people_theres_reason_tf,1.0
Thank you for not smashing the burger flat,-1,outlier,0.084
That egg finished cooking three business days before the burger...,0,0_egg burger_egg_eggs_burger,0.282
that is the krusty crab burger,7,7_krabby_krabby patty_patty_looks like,1.0
That is the lettest lettuce to ever let us,3,3_lettuce_lettuce tomato_veggies_tomato,1.0
that was such a polite video. not sure why I feel that way but it was so wholesome,-1,outlier,0.032
That’s what the paper is for?! I thought it was to separate the patties,14,14_gloves_using_meat_left,1.0
That's an upside down Wendy's burger?,-1,outlier,0.023
thats looks like a nice cheese burger but i prefer not to have the tomoato in 👍,6,6_burger_perfect burger_burger dont_thats,0.352
The egg yolk should be runny 86 the top bun and half of the mustard,1,1_egg_yolk_runny_lost,0.033
The fact that you did not make this into a hideous smash burger🥰,16,16_smash_love_im_fact,1.0
The mess u needed a ripe tomato,2,2_tomato_salt_salt pepper_pepper,0.622
The most important thing on a burger is missing onions,0,0_egg burger_egg_eggs_burger,0.066
The onion egg trick….that’s brilliant!,9,9_onion_egg onion_onion ring_ring,1.0
These burgers are made with love not like the fast food joints 😳,-1,outlier,0.173
this how I thought burger king made all of there burgers. 😂,6,6_burger_perfect burger_burger dont_thats,0.22
This is not the way.,-1,outlier,0.031
this person has cracked the Krabby pattie secret formula,7,7_krabby_krabby patty_patty_looks like,1.0
this what i expect from mcdonalds,-1,outlier,0.066
was perfect then tomato show up,2,2_tomato_salt_salt pepper_pepper,1.0
What color onions do you guys prefer?,9,9_onion_egg onion_onion ring_ring,0.729
what you do with the rest of the onion?,9,9_onion_egg onion_onion ring_ring,1.0
"WHAT'S THE WHITE ""STUFF"" IN THE RED (KETCHUP/CATSUP) BOTTLE?🤔",10,10_ketchup_mayo ketchup_bottle_wheres,0.519
Why cook the egg bun and onion before burger is even on?,0,0_egg burger_egg_eggs_burger,0.107
Why do people put sauces on bun with veggies. Sauces need be on the meat …..,3,3_lettuce_lettuce tomato_veggies_tomato,0.037
why do people squish their patties?,14,14_gloves_using_meat_left,0.442
why heat the pickles up?,8,8_pickles_cold_hot_heat,0.622
Why is the ketchup white,10,10_ketchup_mayo ketchup_bottle_wheres,0.472
Why they always use this cheap bad cheese?,4,4_cheese_cheeseburger_american_slice,1.0
why would an egg be there,1,1_egg_yolk_runny_lost,0.233
why your cheeseburger only have one slice of cheese?,4,4_cheese_cheeseburger_american_slice,1.0
"Wow, this looks delicious 🤤",15,15_delicious_looks delicious_looks_look,0.743
You lost me with the egg 😂😂😂😂😂,1,1_egg_yolk_runny_lost,1.0
your fired! my service time was way too long!,-1,outlier,0.116
1000/10 would eat. (10/10 doesn’t quite illustrate the point),-1,outlier,0.049
"42 seconds of my life, wasted, watching this nasty ass burger being made",6,6_burger_perfect burger_burger dont_thats,0.383
9 l a w i,-1,outlier,0.054
A mi me gusta la amburguesa solo con la carne y los pepinos y el queso,11,11_20_come_10_mayo,1.0
“Made with love” ahh burger🥀,16,16_smash_love_im_fact,1.0
Absolute hard no with egg on a burger.,0,0_egg burger_egg_eggs_burger,0.584
All good…. Then I saw the tomato (lack of) prep.,2,2_tomato_salt_salt pepper_pepper,1.0
All looks good except the tomato has the tough core in the centre,2,2_tomato_salt_salt pepper_pepper,0.726
All of y’all are such egg haters 😭😭😭,1,1_egg_yolk_runny_lost,0.431
always on that mf egg.,1,1_egg_yolk_runny_lost,1.0
always put lettuce n tomatoes on the mayo side n the pickles n onions on the mustard side. mayo n tomatoes make for a juicy burger. dont forget to add bacon on the mayo side.,23,23_bun_lettuce_tomatoes_order,1.0
AMSR for making a cheeseburger awwww.,4,4_cheese_cheeseburger_american_slice,0.613
and then you break the egg yellow 🫣,1,1_egg_yolk_runny_lost,0.578
Anyone else triggered by the mustard being in a red bottle?,5,5_mustard_mustard burger_sandwich_hot,1.0
Anyone that fries an egg in an onion ring need putting on death row… more so if that onion ring isn’t beer battered.,9,9_onion_egg onion_onion ring_ring,0.711
Apa yang ayu sangat kau buat burger ni,11,11_20_come_10_mayo,0.015
aus der Roten Flasche kommt Mayo raus 😳,11,11_20_come_10_mayo,0.089
bean soup theory going crazy in the comments,-1,outlier,0.161
better then anything you buy at outside restaurants,0,0_egg burger_egg_eggs_burger,0.112
bit cheap with the one onion ring buddy,9,9_onion_egg onion_onion ring_ring,0.596
bro gatekeeping a several hundred year old invention😭,-1,outlier,0.061
Bro really made a cheese burger 😂😭✌️,-1,outlier,0.019
buns mustard meat cheese pickles thats all that goes on a cheeseburger,17,17_pickles_pickle_mustard_mustard pickles,1.0
"buono, ma fa spruzzare il water",11,11_20_come_10_mayo,0.293
Burger should be at the bottom of the,20,20_burger burger_burger_burger thing_burger patty,0.429
burger tepi jln lg sedap,-1,outlier,0.069
but my mouth can't fit to eat that burger,-1,outlier,0.191
Can I get more seasoning on it? 😅 Looks good though,18,18_seasoning_people_grill_burger didnt,0.375
Can we get a seasoned burger next,18,18_seasoning_people_grill_burger didnt,0.167
Can we stop smashing the fuck out of the patties please,14,14_gloves_using_meat_left,0.081
can you make that one big burger in teen titans,6,6_burger_perfect burger_burger dont_thats,0.214
Can’t forget the Nuh dropping!,5,5_mustard_mustard burger_sandwich_hot,0.275
Cheeseburgers don't get lettuce tomato or eggs....this is a burger,3,3_lettuce_lettuce tomato_veggies_tomato,0.19
come.on man were r the fries? the cold drink? Just kid n,0,0_egg burger_egg_eggs_burger,0.044
como que quitandole el huevo quedaria de 10😃,11,11_20_come_10_mayo,0.486
couple of slices of bacon...perfection.,4,4_cheese_cheeseburger_american_slice,0.102
cut that hard white piece out of the tomato center please 🙏,2,2_tomato_salt_salt pepper_pepper,0.315
"Сама найгірше що їв в Житті!!!
Краще стейк пожар!!!",11,11_20_come_10_mayo,0.153
Damn bro this looks delicious,15,15_delicious_looks delicious_looks_look,0.219
Deep six the mustard. Damn.,5,5_mustard_mustard burger_sandwich_hot,0.482
Dem gloves look like the fit like a lifestyle😂 iykyk😂😂,14,14_gloves_using_meat_left,0.108
disfruta de tu huevo frito con micro organismos,11,11_20_come_10_mayo,1.0
Do we honestly need to be shown how to make a hamburger? 😂,6,6_burger_perfect burger_burger dont_thats,0.337
do you want a cookie 🍪🍩 cause you can make a cheeseburger wow you're amazing can you do a bowl of cereal next,21,21_cheeseburger_making cheeseburger_youre_making,0.174
does anybody like relish anymore,18,18_seasoning_people_grill_burger didnt,0.114
Does it come with a defibrillator?,13,13_yes_ill_need_hot pickle,0.162
Don’t trust anyone who put mayo on a ketchup bottle,10,10_ketchup_mayo ketchup_bottle_wheres,1.0
double egg on mine please 💕,1,1_egg_yolk_runny_lost,0.269
Double mustard was an odd choice. But it looks great,5,5_mustard_mustard burger_sandwich_hot,0.346
"Dry, mayo on both sides not mustard for me.",5,5_mustard_mustard burger_sandwich_hot,0.093
Dude just make a burger wtf is this,6,6_burger_perfect burger_burger dont_thats,1.0
🚨 Judgmental comment section alert 🚨,22,22_people_theres_reason_tf,0.315
Eating a burger no honey mustard,5,5_mustard_mustard burger_sandwich_hot,1.0
egg in burger ? are you insane ?,0,0_egg burger_egg_eggs_burger,0.466
Egg in the onion ring was a genius move,9,9_onion_egg onion_onion ring_ring,1.0
egg is amazing on a burger. unfortunately put four times as much mustard as should be on a burger and that is all you will taste now.,0,0_egg burger_egg_eggs_burger,0.22
Egg on a burger 🍔 🥰,0,0_egg burger_egg_eggs_burger,0.392
"egg, onion, tomato, lettuce, mustard, mayo, pickles, cheese, toasted bun. 10\10, bonus points for no ketchup.",23,23_bun_lettuce_tomatoes_order,1.0
Eggs and mayo dont belong a burgers,0,0_egg burger_egg_eggs_burger,0.343
eggs do not belong on burgers 🤢,0,0_egg burger_egg_eggs_burger,1.0
Eggs don’t belong on hamburgers.,0,0_egg burger_egg_eggs_burger,1.0
eggs don't belong on burgers,0,0_egg burger_egg_eggs_burger,1.0
End result was great but I have a few suggestions on your burger patty cooking method,0,0_egg burger_egg_eggs_burger,0.071
"Es kann doch jeder auf seinen Burger machen was er/sie möchte, wieder die Tomatenpolizei hier in den Kommentaren",11,11_20_come_10_mayo,0.095
Everybody has their own idea of what makes a perfect burger 🍔,6,6_burger_perfect burger_burger dont_thats,0.307
Everyone talking about leaving the egg out of the burger but I want the yolk runny,1,1_egg_yolk_runny_lost,0.029
Everyone talking about the lettuce and tomato where the FF is the seasoning on the meat??,3,3_lettuce_lettuce tomato_veggies_tomato,0.282
Everything was okay until he puts the pickles,8,8_pickles_cold_hot_heat,1.0
Exactly…Ketchup doesn’t go on a burger,10,10_ketchup_mayo ketchup_bottle_wheres,0.523
Expert culinary artist here ... here for the expert opinions... I mean comments lol,-1,outlier,0.033
favoloso con guanti e posate❤️,11,11_20_come_10_mayo,0.639
For love of the Devil put a dolop of chillies,-1,outlier,0.057
"for me, it would be Perfect without egg, i have eggs in burgers",0,0_egg burger_egg_eggs_burger,0.165
fried egg on a burger here in my part of NY makes it a moose burger,0,0_egg burger_egg_eggs_burger,0.4
"Fry the burger in a lil mustard, you'll thank me later",5,5_mustard_mustard burger_sandwich_hot,1.0
get that nasty tomato off of it!!,2,2_tomato_salt_salt pepper_pepper,0.509
get that salad and tomato off there,2,2_tomato_salt_salt pepper_pepper,0.408
Great looking burger. And congrats on not wearing those stupid black gloves.,14,14_gloves_using_meat_left,0.096
GREAT! A MUSTARD SANDWICH! 😂,5,5_mustard_mustard burger_sandwich_hot,0.293
Hate when they smash all the flavor out the burger,-1,outlier,0.096
health bites showing a burger?? 🤔,-1,outlier,0.062
Heat up those pickles!!! 🤮,8,8_pickles_cold_hot_heat,0.77
Hold the pickles and the mustard,17,17_pickles_pickle_mustard_mustard pickles,1.0
Honestly probably the best I’ve seen putting a fried egg on a burger. Idk after you bite in but it always goes everywhere,0,0_egg burger_egg_eggs_burger,0.367
hope you changed that glove after touching the raw patty before handling the burger smasher. cross contamination with everything else.,14,14_gloves_using_meat_left,0.24
how much mayo did you not put on that burger,12,12_mayo_mayo looks_bottle_red bottle,0.161
How to make an “American” cheeseburger via by how the rest of the world thinks it is.,4,4_cheese_cheeseburger_american_slice,0.781
How to ruin a cheeseburger in 5 easy steps:,4,4_cheese_cheeseburger_american_slice,0.352
i am proud of what you have gave me.,-1,outlier,0.063
I didnt know we could make it like that,16,16_smash_love_im_fact,1.0
I don’t get egg on burgers. I thought it changed the taste too much,0,0_egg burger_egg_eggs_burger,0.43
"I don't like pickles, I'll remove it on every burgers",8,8_pickles_cold_hot_heat,1.0
I dont like that you made the egg first. I like my egg a bit runny,1,1_egg_yolk_runny_lost,0.533
I feel like I just watched SpongeBob tuck in his krabby patty pickles in an epic showdown with king Neptune…,7,7_krabby_krabby patty_patty_looks like,0.755
I guess the mayo is extra charge,12,12_mayo_mayo looks_bottle_red bottle,1.0
I hate how yall flip the burger and instantly put the cheese on i flip mine at least 2 times for each side,4,4_cheese_cheeseburger_american_slice,0.104
I hate pressed meat! You are drying out the meat! Let it cook!,14,14_gloves_using_meat_left,0.257
I know the Krabby Patty recipe when I see it.😏,7,7_krabby_krabby patty_patty_looks like,0.737
I like the burger presser condom,6,6_burger_perfect burger_burger dont_thats,0.342
"I love burger very much..
swear to god",6,6_burger_perfect burger_burger dont_thats,0.314
I love burgers!! Great video,6,6_burger_perfect burger_burger dont_thats,0.248
I prefer my egg yolk runny,1,1_egg_yolk_runny_lost,0.339
"i saw it only in ads,bruh.😭",-1,outlier,0.047
i think im in love,16,16_smash_love_im_fact,0.304
I thought the wax paper to press the patty was a weird cheese for a sec,14,14_gloves_using_meat_left,1.0
i want 4 thanks 😁,13,13_yes_ill_need_hot pickle,0.209
I want my burger like this,6,6_burger_perfect burger_burger dont_thats,1.0
I was done as soon as the yolk broke. Sorry.,1,1_egg_yolk_runny_lost,0.073
I was salivating all over this clip 🤤🤤🤤,-1,outlier,0.032
I was with you until you put mustard on it.,5,5_mustard_mustard burger_sandwich_hot,0.386
I was with you until you put veggies on the bottom,3,3_lettuce_lettuce tomato_veggies_tomato,0.062
I would not have thought making burger could be so aesthetical ! happy you !,6,6_burger_perfect burger_burger dont_thats,0.298
"I would’ve had mine already made, ate it and washed the dishes by the time this burger was made lol 😂",-1,outlier,0.139
I’d bya for putting that egg on my burger,0,0_egg burger_egg_eggs_burger,1.0
I’m just glad when you squished the patty down that you didn’t push it down so much that when it cooks all is left is two microscopic molecules of patty left,14,14_gloves_using_meat_left,1.0
I’m so tired of smash burgers and egg on everything,0,0_egg burger_egg_eggs_burger,0.203
Idk about Ya'll ts look delicious,-1,outlier,0.028
"if i see a title ""making a cheeseburger"" and then I see an egg, I move on",21,21_cheeseburger_making cheeseburger_youre_making,1.0
if you want to make a cheeseburger use CHEESE amd no plastic cheeselike crap,4,4_cheese_cheeseburger_american_slice,0.656
"If you would’ve tucked the pickles in with the cheese, it would’ve been a Krabby Patty. But you didn’t tuck them in, just left them out cold on top of their cheese blanket 😭",8,8_pickles_cold_hot_heat,0.517
"I'll take one, no tomato please.",2,2_tomato_salt_salt pepper_pepper,1.0
im making LOVE with you gng,16,16_smash_love_im_fact,0.303
In Mexico the take the word Hamburger literally and add Ham to it 😳,-1,outlier,0.173
in the Red bottle is Mayo 😳,12,12_mayo_mayo looks_bottle_red bottle,0.394
is that a krabby party🤗,7,7_krabby_krabby patty_patty_looks like,0.576
is that a royale with cheese? 🤣,4,4_cheese_cheeseburger_american_slice,0.265
It looks really delicious! 👌🏻,15,15_delicious_looks delicious_looks_look,1.0
"it looks so delicious, im drooling 🤤",15,15_delicious_looks delicious_looks_look,1.0
It really didn’t need the egg 😏,1,1_egg_yolk_runny_lost,1.0
It will never look this good during a rush though 😭✌️,15,15_delicious_looks delicious_looks_look,0.205
"It’s way too much mustard. Everything else looks good, though. I’m always down for an egg on the burger.",5,5_mustard_mustard burger_sandwich_hot,0.336
"it's, Bread, Spread,Meat , then you put the veggies",3,3_lettuce_lettuce tomato_veggies_tomato,0.062
Just to be devoured in 3bites🙏,-1,outlier,0.068
"L&T should be on top, not bottom.",-1,outlier,0.1
las hamburgueserias no se enteran que ese pan no es el adecuado...,11,11_20_come_10_mayo,1.0
Leave the egg and veggies off ew,1,1_egg_yolk_runny_lost,0.037
Lettuce and tomato do not belong on a cheese burger,3,3_lettuce_lettuce tomato_veggies_tomato,0.419
"Lettuce and tomatoe go on top, just saying. The burger will cook them otherwise.",3,3_lettuce_lettuce tomato_veggies_tomato,0.362
Lettuce and tomatoes a no no…pickles and onions absolutely,-1,outlier,0.164
"Like that onion egg trick, gunna try it later",9,9_onion_egg onion_onion ring_ring,0.422
liked within the first 3 seconds ✅️unliked when you started to smash it✅️reliked it when you stopped the smash ✅️,16,16_smash_love_im_fact,1.0
Looked good untill you started putting all that sickly sauces on it,-1,outlier,0.024
looks amazing but why is mayo in the ketchup bottle,10,10_ketchup_mayo ketchup_bottle_wheres,1.0
Looks beautiful but only if there was no tomato,2,2_tomato_salt_salt pepper_pepper,1.0
Looks delicious but the way the mayo was in a tiny little dot pmo,12,12_mayo_mayo looks_bottle_red bottle,0.503
"looks fantastic. but that lettuce is for presentation, give me a classic iceberg please.",3,3_lettuce_lettuce tomato_veggies_tomato,1.0
looks good but why the egg,1,1_egg_yolk_runny_lost,0.351
LOOKS GOOD BUT WITHOUT THE EGG AND MAYO.,-1,outlier,0.197
Looks great but no Mayo and mystery sauces 🤢,-1,outlier,0.189
looks like a crabby patty with egg,7,7_krabby_krabby patty_patty_looks like,1.0
looks like a Krabby patty,7,7_krabby_krabby patty_patty_looks like,1.0
Looks only BUT I still prefer RAMLY BURGER. THE BEST,-1,outlier,0.151
"Looks very good, BUT tomato needs salt.",2,2_tomato_salt_salt pepper_pepper,1.0
Lost me at the egg. 🫣😖,1,1_egg_yolk_runny_lost,0.7
Lost me on using tiny tongs to remove the paper from the smashed burger. Why couldn’t you just use your fingers? Same thing with the tomato.,14,14_gloves_using_meat_left,1.0
lost me when the egg yolk split 😭,1,1_egg_yolk_runny_lost,0.31
Lost me with the hot pickles,8,8_pickles_cold_hot_heat,0.469
Lost me with the kosher pickles.,8,8_pickles_cold_hot_heat,1.0
making an upside down cheeseburger,4,4_cheese_cheeseburger_american_slice,0.086
"man : Kitty you can have cheese burger
kitty : MUUAAARRGGHHH",-1,outlier,0.176
mana cili sos tak sah ni,11,11_20_come_10_mayo,0.037
"mate, you left the rock hard center of the tomato in there tsk tsk",2,2_tomato_salt_salt pepper_pepper,0.591
Maybe its just me but if I reach for a RED condiment bottle and if anything other than Ketchup or Hot sause comes out....Im pissed...burger looks great tho,-1,outlier,0.091
Mayo in the ketchup bottle is wild work,10,10_ketchup_mayo ketchup_bottle_wheres,0.613
Mf did u just use a mixing spoon to spread sauce on a bun,-1,outlier,0.075
Minus the mustard please. I’ll have 2.,5,5_mustard_mustard burger_sandwich_hot,0.154
miss me wit that dollop of mayo 😳,12,12_mayo_mayo looks_bottle_red bottle,1.0
More cheese or I won’t eat 👌,4,4_cheese_cheeseburger_american_slice,0.109
"more mayo, delete the mustard and egg.",12,12_mayo_mayo looks_bottle_red bottle,0.144
"must be American mustard, if it were English it'd blow yer head off 😂🤣",5,5_mustard_mustard burger_sandwich_hot,1.0
Mustard not required my good sir. Mayo on the salad side ketchup on meat side,-1,outlier,0.094
Mustard on the meat side! 😂,5,5_mustard_mustard burger_sandwich_hot,0.366
My ass thinking that was premature provolone,-1,outlier,0.167
My ideal From bottom to top: Bun - lettuce or tomatoes - cheese - beef/chicken - cheese - hash brown - sauce - lettuce - sauce,23,23_bun_lettuce_tomatoes_order,1.0
My mouth is not that big.😁,-1,outlier,0.032
"Nah, adding an egg is crazy work",1,1_egg_yolk_runny_lost,0.305
Nearly everything is better with an egg. Ramen. Burger. Pizza. All valid and good additions.,0,0_egg burger_egg_eggs_burger,0.191
"Need more pickles. Those look nice, but one bite snd entire thing slides off",8,8_pickles_cold_hot_heat,1.0
needs more meat and less gunk,-1,outlier,0.051
Never got into the egg on the burger thing,0,0_egg burger_egg_eggs_burger,0.538
nga that looks like a burgernator✌️😭,7,7_krabby_krabby patty_patty_looks like,0.132
No egg & don’t squash the burger while cooking,0,0_egg burger_egg_eggs_burger,0.6
No egg ... egg is for breakfast... no egg on burgers pizza etc ...,0,0_egg burger_egg_eggs_burger,0.133
No ketchup is a sin.,10,10_ketchup_mayo ketchup_bottle_wheres,1.0
No one’s talking about only half of the bun has sesame seeds on it,19,19_bun_sesame_seeds_half,1.0
"No salt on the tomato, amateur",2,2_tomato_salt_salt pepper_pepper,1.0
No seasoning. I guess that’s the big trend now. Flavorless burgers. 🙄,18,18_seasoning_people_grill_burger didnt,1.0
Normally would agree but homie did justice wit that one I don’t like an under cooked egg like runny for a burger ig not under cooked tho lol,0,0_egg burger_egg_eggs_burger,0.327
Not good lettuce for a sandwich and the center of the tomato not edible,3,3_lettuce_lettuce tomato_veggies_tomato,0.807
Now that is a propper burgar😅,16,16_smash_love_im_fact,0.327
Now that’s a burger 👍👍👍❤️,6,6_burger_perfect burger_burger dont_thats,0.219
"Oh my God, I love your videos so much. It brings me so much inspiration and I love every time you spread the mayo on the bun and it makes me so happy like I literally can’t stand it in those pickles are so even my gosh like I love the mayo and the cheese and the egg and the mustard and the pickles and the mayo and the lettuce and the tomatoes and the buns and the sesame seeds and everything on them in the heat.",-1,outlier,0.033
"Oh thank God it's not a ""smash birger""",16,16_smash_love_im_fact,0.537
People just NEED a reason to be pissed off now🥀🥀🫩,22,22_people_theres_reason_tf,1.0
People wonder why restaurant burgers are so good: BUTTER,-1,outlier,0.052
"Pickle looks fresh, also the mayo isn’t supposed to be in the red bottle😳",17,17_pickles_pickle_mustard_mustard pickles,0.229
pickles on the burger while it cooks makes the pickles soggy and I HATE when somebody gives me the butt off the tomato with that hard green piece of core in the middle of it. other than that nice toasted bun and burger.,17,17_pickles_pickle_mustard_mustard pickles,0.328
ppl are allergic to compliments these day isn't it,22,22_people_theres_reason_tf,1.0
"Produits de luxe, même les tomates sont à 4€99 le kilo. Jte parle pas de la viande à 20€ le kilo.",11,11_20_come_10_mayo,0.164
qué puñetera manía de aplastar la carne ahora,11,11_20_come_10_mayo,0.598
Remove egg and tomato please,2,2_tomato_salt_salt pepper_pepper,0.276
"remove the mustard, pickle and tomatoes and id tear this up",17,17_pickles_pickle_mustard_mustard pickles,0.46
Remove the tomato and then it's perfect,2,2_tomato_salt_salt pepper_pepper,0.585
Ruined it by smashing it,16,16_smash_love_im_fact,0.22
Ruined it by using American cheese,4,4_cheese_cheeseburger_american_slice,0.361
Ruined it with pickles 🤮,8,8_pickles_cold_hot_heat,0.539
Ruined it with that imitation cheese,4,4_cheese_cheeseburger_american_slice,0.228
ruined it with the egg,1,1_egg_yolk_runny_lost,0.239
"RUINED that burger with mustard, extra MAYO and ketchup only save the mustard for hotdogs. 🤮",5,5_mustard_mustard burger_sandwich_hot,0.314
Salad should never be anywhere near a burger,3,3_lettuce_lettuce tomato_veggies_tomato,0.158
salt and pepper that tomato...,2,2_tomato_salt_salt pepper_pepper,0.708
Salt n pepper on one side,2,2_tomato_salt_salt pepper_pepper,0.532
season the tomato with s&p,2,2_tomato_salt_salt pepper_pepper,0.78
si evaluamos la cálidad de los gramos del pan y de la cebolla podemos concluir que efectivamente soy re puto,11,11_20_come_10_mayo,0.33
Sir make that 2 slices of tomato 🤭,2,2_tomato_salt_salt pepper_pepper,0.494
skip the onion and make the egg over easy. that burger would be spot on.,0,0_egg burger_egg_eggs_burger,0.084
Smashburgers are so lazy 🙄,-1,outlier,0.062
so cheap with that mayo girl,12,12_mayo_mayo looks_bottle_red bottle,1.0
So many negative people commenting ...,22,22_people_theres_reason_tf,1.0
someone send this to mcDanold,-1,outlier,0.024
Something about mustard on a cheeseburger just makes everything right.,5,5_mustard_mustard burger_sandwich_hot,0.534
spanish onions are shit on a burger,-1,outlier,0.034
Spectacular. Give me 14 of them right now.,13,13_yes_ill_need_hot pickle,0.534
Still cant beat Ramly burger,-1,outlier,0.118
still junk food for mom 💀,-1,outlier,0.025
Stop putting the burger on the burger,20,20_burger burger_burger_burger thing_burger patty,0.303
"Stop using gloves and wash your hands, touching raw meat then ham",14,14_gloves_using_meat_left,0.341
Stopped watching after junk cheese,4,4_cheese_cheeseburger_american_slice,0.234
Such light seasonings?? Too bland for my Pakistani tastebuds 😂😭,18,18_seasoning_people_grill_burger didnt,0.143
Suddenly everyone’s an expert on burger,-1,outlier,0.236
Sup with the mustard? I like mustard. But twice? No Ketchup? Sooo many questions.,5,5_mustard_mustard burger_sandwich_hot,0.279
swap the egg for bacon. add one more peice of cheese. mayo for ketchup and I'm in.,-1,outlier,0.108
Take that TOMATO OFFFF!! That’s fried egg onion tho!! 🤏🏾🤏🏾,9,9_onion_egg onion_onion ring_ring,0.628
taking half the white sauce is diabolical.,12,12_mayo_mayo looks_bottle_red bottle,0.291
Tf was that red thing you put on the lettuce,3,3_lettuce_lettuce tomato_veggies_tomato,1.0
Thank you for not smashing the fuck out of that patty,-1,outlier,0.035
Thank you for not using ketchup. But a little more mayo would be good,10,10_ketchup_mayo ketchup_bottle_wheres,0.307
Thank you for wearing gloves and using tongs to handle the ingredients!,14,14_gloves_using_meat_left,0.252
that amount of mayo is the same as my will to live,-1,outlier,0.157
That hard core in the middle of your tomato slice is a non-starter..,2,2_tomato_salt_salt pepper_pepper,0.672
"That lettuce sucks on a hamburger, it always look like it came of the floor of the kitchen 🤮",3,3_lettuce_lettuce tomato_veggies_tomato,1.0
that looks amazing but loose the egg,1,1_egg_yolk_runny_lost,0.524
that my friend is a krabby patty,7,7_krabby_krabby patty_patty_looks like,0.742
That was a magical burger !!,6,6_burger_perfect burger_burger dont_thats,1.0
That yolk is bone dry I just know it,1,1_egg_yolk_runny_lost,0.129
That’s a damn Krabby patty!,7,7_krabby_krabby patty_patty_looks like,0.719
That’s one perfect piece of lettuce lol,3,3_lettuce_lettuce tomato_veggies_tomato,0.3
that'll be you 60 bucks please,13,13_yes_ill_need_hot pickle,1.0
"That's a krabby patty, just tell us the secret formula",7,7_krabby_krabby patty_patty_looks like,0.413
That's an awfully small burger.,6,6_burger_perfect burger_burger dont_thats,0.372
"That's lovely. An artist. Better be at least 20% grease, or it's just a mirage. I'm hopeful. 💕",15,15_delicious_looks delicious_looks_look,0.329
"The amount of precision and care for the burger, I thought they were gonna tuck it in to bed and give it a kiss like SpongeBob",-1,outlier,0.079
The bottom bun is gonna be soggy and gross,19,19_bun_sesame_seeds_half,1.0
The burger patty was placed a little off center.,20,20_burger burger_burger_burger thing_burger patty,1.0
the egg is fine but why is it upside down?,1,1_egg_yolk_runny_lost,0.218
The egg is the best part,1,1_egg_yolk_runny_lost,0.705
The fact that you didn't make this into a beautiful smash burger 😡,-1,outlier,0.105
The lettuce is trash. The yellow sauce is sus and the egg makes my skin crawl,3,3_lettuce_lettuce tomato_veggies_tomato,1.0
"The tomato and the lettuce always go on top of the burger, never under. this is sacrilegious.",3,3_lettuce_lettuce tomato_veggies_tomato,0.848
The two pickle patty limit is bsllocks.,8,8_pickles_cold_hot_heat,1.0
the who never eat it,5,5_mustard_mustard burger_sandwich_hot,0.444
"them hating eggs on the burger, but sucks dih",0,0_egg burger_egg_eggs_burger,0.214
They do things different here ahh egg,1,1_egg_yolk_runny_lost,0.472
thia Is not MC Donald s,-1,outlier,0.024
this sentimental sensory-focused style is weird and creepy. it's a cheeseburger.,4,4_cheese_cheeseburger_american_slice,0.625
those buns already killed it. Nongood burger between sponges...,19,19_bun_sesame_seeds_half,0.085
those dont look like hamburger dills,6,6_burger_perfect burger_burger dont_thats,0.192
Those sweet milk buns they use for burgers are not delicious,19,19_bun_sesame_seeds_half,0.074
those veggies are warm 😭,3,3_lettuce_lettuce tomato_veggies_tomato,0.062
too much stuff on this,-1,outlier,0.092
"Toppings as they are called go on Top, but still a good looking burger.",-1,outlier,0.026
Totally happy with everything but the second dollop of mustard like is that special sauce or mustard,5,5_mustard_mustard burger_sandwich_hot,0.367
Trying to wrap my head around not leaving the yoke runny.,1,1_egg_yolk_runny_lost,0.068
u sauced one side of the beef only,-1,outlier,0.026
"Want to study bricks the egg by one hands without smash the eggyolk, pm me",1,1_egg_yolk_runny_lost,0.262
was that pickled bitter gourd?,8,8_pickles_cold_hot_heat,0.524
well done... y'all stuff look raw,15,15_delicious_looks delicious_looks_look,1.0
"well I like it, be gone in about a minute!",22,22_people_theres_reason_tf,0.228
wer my onions noways mosays😏...,9,9_onion_egg onion_onion ring_ring,0.733
What a delightful presentation 🍔 😁👍,15,15_delicious_looks delicious_looks_look,0.105
"what an waste of an egg, might as well eat rubber.",1,1_egg_yolk_runny_lost,0.192
What country is this from.,7,7_krabby_krabby patty_patty_looks like,0.157
What did you do with that grilled onion! Yum!!!!,9,9_onion_egg onion_onion ring_ring,1.0
What is the size of onion,9,9_onion_egg onion_onion ring_ring,1.0
What is this communist bullshit where the lettuce and tomato go UNDER the meat?,3,3_lettuce_lettuce tomato_veggies_tomato,0.546
When did this shit with gloves become a must?,-1,outlier,0.137
where i can buy it ?😁😁,13,13_yes_ill_need_hot pickle,0.112
Where is the peanut butter?,10,10_ketchup_mayo ketchup_bottle_wheres,1.0
Where that dang onion go?,9,9_onion_egg onion_onion ring_ring,1.0
Where the heck is the ketchup,10,10_ketchup_mayo ketchup_bottle_wheres,1.0
where you selling them... damn give me 4 please!!😁,13,13_yes_ill_need_hot pickle,0.28
Where’s the ketchup lol 😂,10,10_ketchup_mayo ketchup_bottle_wheres,0.838
wheres the caramelisation on the meat,-1,outlier,0.072
where's the ketchup my guy 😂,10,10_ketchup_mayo ketchup_bottle_wheres,0.552
who put egg on burger?,0,0_egg burger_egg_eggs_burger,1.0
who wants a hot pickle😳,13,13_yes_ill_need_hot pickle,0.067
Why cook the egg before beef???,0,0_egg burger_egg_eggs_burger,0.118
Why did you heat up the pickles? you're losing crunch that way.,8,8_pickles_cold_hot_heat,1.0
why do white people refuse to use seasoning?,18,18_seasoning_people_grill_burger didnt,1.0
Why does this reminds me of American Psycho ahahaah,4,4_cheese_cheeseburger_american_slice,0.492
Why don’t you salt the tomato? Makes a huge difference,2,2_tomato_salt_salt pepper_pepper,1.0
why in gods name would you put lettuce below the burger?,3,3_lettuce_lettuce tomato_veggies_tomato,0.772
Why is there an egg in an onion,9,9_onion_egg onion_onion ring_ring,1.0
Why is there so much mustard on that?,5,5_mustard_mustard burger_sandwich_hot,1.0
Why the bun got like 1/3 sesame seed?,19,19_bun_sesame_seeds_half,1.0
Why the egg ? 😳,1,1_egg_yolk_runny_lost,0.518
Why we making the bun first,19,19_bun_sesame_seeds_half,1.0
why yall putting cheese on my cheeseburger,4,4_cheese_cheeseburger_american_slice,0.437
why you put cheese on my cheeseburger?,4,4_cheese_cheeseburger_american_slice,0.664
would you like a burger with your mustard,5,5_mustard_mustard burger_sandwich_hot,0.752
wrong order to make them in but yes that's a cheese burger do you want a cookie,21,21_cheeseburger_making cheeseburger_youre_making,0.066
Wrong. Pickles are a cold item. Cold items go on top of hot items. Egg is unnecessary.,8,8_pickles_cold_hot_heat,0.211
Yall are crazy I’d enjoy the hell out of that burger,6,6_burger_perfect burger_burger dont_thats,1.0
"yes, I need one, two of those",13,13_yes_ill_need_hot pickle,1.0
"Yes, please may I have two?",13,13_yes_ill_need_hot pickle,1.0
"Yet another TikTok video with an unseasoned egg. Where does it end, people?!",1,1_egg_yolk_runny_lost,0.477
You better bring back the mayo bottle and squeeze about four more seconds on that,12,12_mayo_mayo looks_bottle_red bottle,0.503
"You cracked an egg there, buddy. You’re not making a cheeseburger.",21,21_cheeseburger_making cheeseburger_youre_making,1.0
You just made a crabby patty,7,7_krabby_krabby patty_patty_looks like,1.0
you know its going to be expensive when the chef has pickle tweezers and a baby spoons for mustard,17,17_pickles_pickle_mustard_mustard pickles,1.0
You lost me at the toxic-chemical American cheese,4,4_cheese_cheeseburger_american_slice,0.341
You ruined it with the mustard and pickles,17,17_pickles_pickle_mustard_mustard pickles,1.0
Your ingredients are so well behaved and cooperative,-1,outlier,0.01
You're supposed to use butter,-1,outlier,0.025
YUCK TOO MUCH MUSTARD BRO THAT IS NOT A FREAKING HOT DOG,5,5_mustard_mustard burger_sandwich_hot,1.0
Yummmmmm I feel like they learned how to make burgers from Sponge bob😮‍💨😮‍💨😮‍💨😮‍💨😮‍💨,-1,outlier,0.024
